firstname, lastname, dob
Harold,Cole,10/15/1967
Ola,Rodriquez,3/16/1967
Polly,Kennedy,4/30/1978
Laura,Cummings,12/28/1995
Kenneth,Williams,6/11/1990
Lloyd,Farmer,7/5/1976
Michael,Sherman,1/6/1987
Mark,Burke,6/18/1957
Ann,Douglas,8/11/1991
Luis,Valdez,9/13/1989
Hettie,Wells,2/5/2004
Eddie,Larson,10/24/1974
Mildred,Bryan,5/21/1999
Rachel,Stanley,1/18/1963
Jonathan,Sherman,4/20/1986
Charlie,Ramirez,7/9/1989
Erik,Bowers,10/10/1988
Victor,Brock,7/12/1969
Helena,Sullivan,4/8/1960
Louise,Robbins,4/18/1962
Mark,Sanders,10/16/1980
Donald,Moody,1/3/1998
Nelle,Kennedy,12/21/2000
Rosa,Carroll,1/10/1995
Terry,Wise,6/26/1973
Willie,Castro,9/22/1975
Vernon,Delgado,12/21/1985
Pauline,Patton,4/2/1981
Owen,Morton,10/1/1990
Alan,Patterson,11/24/1957
Janie,Torres,11/17/1966
Isabel,Strickland,12/30/1971
Alexander,Craig,9/4/1980
Vera,Parks,1/15/1974
Lelia,Silva,12/7/1984
Marguerite,Ramsey,8/12/1983
Randy,Steele,8/14/2000
Inez,Scott,9/29/1967
Bertie,Harrison,3/6/1977
Eugene,Mills,7/19/1972
Gene,Barker,6/27/1979
Ola,Black,11/24/1972
Carrie,Arnold,6/23/1978
Maggie,Richards,8/1/1996
Harriett,Obrien,2/8/1974
Dollie,Jennings,4/17/1977
Troy,Ramsey,2/24/1958
Theresa,West,7/14/1974
Estella,Poole,4/13/1970
Randall,Buchanan,4/28/2003
Catherine,Crawford,3/3/1979
Jordan,Boone,7/15/1996
Julia,Roy,5/18/1966
Emma,Kelley,10/1/1966
Matthew,Pearson,2/7/1983
Winnie,Hodges,7/29/2000
Lina,Maldonado,11/10/1969
Jerry,Nunez,10/30/1997
Alberta,Poole,11/13/1989
Alvin,Moss,6/26/1991
Elizabeth,King,2/19/1976
Nathan,Manning,5/1/1958
Don,Mack,10/21/1964
Ricardo,Wise,10/13/2001
Henry,Graves,7/28/1974
Maude,Owen,10/4/1986
Janie,Hale,12/10/1974
Billy,Simmons,4/17/1960
Julia,Dixon,10/29/1994
Allie,Spencer,1/6/1986
Dustin,Mendoza,12/18/1977
Richard,Bass,2/9/1994
Minerva,Dennis,3/12/1960
Dorothy,McKenzie,9/20/1964
Melvin,Washington,2/21/1957
Aiden,Fox,9/17/1963
Lucy,Hunter,4/27/1990
Pearl,Porter,5/12/1994
Willie,Hogan,7/13/1992
Leroy,Bridges,6/1/1991
Isabella,Jackson,1/15/1957
Danny,Logan,7/7/1980
Lillie,Chavez,11/10/1966
Stella,Lindsey,12/10/1958
Adam,Moran,4/6/1971
Dustin,Fleming,6/18/1965
Margaret,Higgins,8/11/1993
Angel,Bryant,8/2/1982
Minerva,McKinney,2/19/1994
Gavin,Quinn,11/30/1967
Ricardo,Salazar,11/13/1958
Juan,Montgomery,8/1/1964
Mathilda,Zimmerman,11/27/1976
Bruce,Romero,2/25/1984
Steve,Mack,8/17/1973
Fanny,McDonald,2/26/1988
Roxie,Saunders,2/15/1970
Sara,Porter,12/16/2004
Elnora,Harris,6/8/1963
Floyd,Holland,11/21/1998
Walter,Powers,12/7/1966
Fred,Carson,3/30/2003
Gertrude,Erickson,5/29/1999
Carlos,Wolfe,7/7/1996
Nora,Warren,3/3/1995
Lucinda,Swanson,1/25/1964
Eleanor,King,12/30/1973
Eugenia,Garner,11/13/1986
Julian,Francis,7/15/1997
Kate,Haynes,11/11/1979
Rachel,Jordan,5/14/1979
Lewis,Simon,1/14/1970
Benjamin,Fernandez,9/23/1972
Adeline,Doyle,12/4/1964
Cody,Anderson,10/12/1965
Anthony,James,10/21/1975
Maud,Gomez,10/10/1969
Floyd,Erickson,11/9/1979
Ann,Payne,3/14/2000
Justin,Farmer,2/18/1967
Maggie,McBride,7/19/2000
Georgia,Warner,11/3/1987
Edwin,Hughes,3/19/1961
Jason,Hayes,7/10/1960
Dorothy,Chambers,10/7/1998
Bernard,Cummings,6/23/1994
Rosalie,Vega,3/9/1982
Tyler,Chambers,12/27/1983
Donald,Guerrero,11/8/1997
Eula,Copeland,5/5/1957
Josie,Holt,10/31/1961
Lilly,Huff,12/24/1984
Hannah,Lloyd,12/11/1965
Nettie,Holland,9/17/1992
Mathilda,Frazier,6/30/1990
Aiden,Price,11/8/1972
Rodney,Clayton,11/3/1980
James,Griffith,2/9/1963
Christopher,Figueroa,1/4/1984
Georgie,Johnson,7/24/1979
Eugenia,Benson,7/30/1994
Clara,Schwartz,3/5/1971
Lawrence,Alvarez,11/10/1993
Irene,Barker,11/5/1969
Jesus,Carter,2/26/2002
Jayden,Ramos,2/10/1995
Juan,Rodgers,6/6/2001
Lester,Morgan,4/14/1999
Mayme,Ellis,12/22/1972
Steve,Carpenter,4/23/2000
Hunter,Lindsey,7/14/2003
Clifford,Bush,8/16/1967
Matilda,Frazier,3/2/1970
Darrell,Russell,8/6/1996
Gregory,Bates,9/11/1983
Julia,Vargas,7/12/1996
Gilbert,Maldonado,9/25/1965
Carolyn,Simmons,11/30/1984
Leah,Maldonado,9/3/2003
Grace,Rice,2/13/1999
Nell,Schultz,12/30/1983
Jean,McDaniel,8/9/1997
Charlie,Burgess,11/27/1964
Kate,Reeves,6/6/1993
Connor,Figueroa,12/18/2000
Janie,Terry,2/8/1994
Augusta,Murray,12/10/2001
Estelle,Sullivan,2/7/1968
Barry,Hopkins,7/22/1965
Daisy,Gibbs,10/21/2002
Jeremiah,Oliver,9/16/1976
Bessie,Watson,3/31/1995
Flora,Cook,12/2/1976
Charles,McGuire,6/19/1980
Nathaniel,Barker,11/30/1995
Frederick,Holmes,3/29/1959
Violet,Powers,12/16/1966
Addie,Newman,4/14/2002
Chester,Holmes,9/24/2000
Larry,Moss,1/3/1999
Lawrence,Gibbs,12/12/1997
Loretta,Barker,2/4/2003
Clara,Sanders,1/3/1963
Sarah,McKenzie,2/25/2001
Amy,Goodwin,5/9/1984
Shane,Vasquez,7/19/1983
Flora,Day,6/11/1986
Lucinda,Anderson,10/7/1977
Jay,McGee,12/16/1991
Hilda,Nichols,6/14/1977
Mike,Tate,10/5/2004
Irene,Bush,7/4/1964
Ella,Hopkins,10/25/1961
Mildred,Brooks,8/10/1998
Eunice,Woods,3/11/1965
Sara,Barnes,8/21/1977
Duane,Brock,2/20/1970
Matthew,Daniels,11/12/1994
Nellie,Quinn,8/13/1991
Mary,Dunn,5/24/1965
Hettie,Lloyd,11/5/1970
Ivan,Garcia,11/7/2000
Andrew,McCormick,10/17/1991
Adam,Holt,6/6/1990
Jeremy,Burgess,2/18/1965
Evelyn,Collier,11/23/1990
Albert,Lamb,1/27/1994
Janie,Buchanan,7/10/1994
Jacob,Goodwin,8/21/1974
Christina,Washington,10/7/1964
Rosa,Horton,3/29/1965
Sam,Greene,1/9/1969
Gabriel,Nash,3/1/1966
Tom,Stewart,2/14/1991
Christian,White,7/15/1987
Jane,Ward,12/10/2004
Fred,Burke,8/18/1957
Jeffery,Huff,7/29/1993
Jesus,Boyd,9/6/1982
Janie,Herrera,1/31/1980
Minnie,Morgan,7/25/1989
Jane,Frank,4/10/1992
Frank,McLaughlin,12/8/1963
Alexander,Wade,11/18/1957
Genevieve,King,2/8/1976
Raymond,Duncan,2/3/2001
Blanche,Mason,9/10/1963
Dennis,Ross,11/11/2001
Alexander,Kim,2/2/1998
Verna,Fowler,4/30/1999
Agnes,Wells,3/4/1973
Donald,Austin,4/21/1962
Glen,McBride,12/18/1997
Ola,Hale,4/22/1998
Kevin,Johnson,9/1/1995
Jennie,Yates,7/17/1957
Christina,Cohen,6/21/1966
Leonard,Kelley,1/12/1998
Mollie,Williamson,3/3/1974
Katharine,Townsend,10/25/1992
Betty,Dean,12/28/1996
Bertie,Houston,11/27/1979
Lucy,Rice,2/5/1971
Elijah,Greene,11/13/1992
Abbie,Barker,9/8/1959
Caleb,Huff,2/7/1994
Myrtle,Flores,9/17/1967
Alice,Thompson,5/30/1961
Myrtle,Curry,1/19/1959
Rebecca,Kelley,10/2/1966
Virgie,Lyons,6/19/2004
Angel,Haynes,11/26/1983
Alex,Bridges,6/30/1991
Gregory,Berry,8/8/1995
Austin,Freeman,10/19/1997
Beatrice,Taylor,10/22/1987
Alma,May,1/12/1984
Darrell,Weber,11/9/1978
Adam,Houston,4/10/1993
Luella,Miles,8/2/1992
Margaret,Wilkins,10/22/1968
Craig,Jefferson,1/26/1993
Belle,Mathis,1/24/1984
Norman,Hernandez,7/26/1997
Stella,Brown,4/5/1991
Harriett,Becker,6/18/1985
Alice,Porter,4/8/1963
Johnny,Hall,1/28/1992
Kevin,Gray,1/20/1979
Richard,Nelson,2/1/1979
Sallie,Kelley,9/5/1968
Tyler,Mills,4/25/1995
Sarah,Norman,11/26/1975
Genevieve,Christensen,11/13/1984
Myra,Silva,11/8/1967
Lewis,Curry,7/25/1989
Myrtle,Burton,8/29/1958
Josephine,Allison,4/16/1993
Vernon,Diaz,2/20/2004
Elizabeth,Riley,5/20/1982
Gerald,Guerrero,6/2/2001
Elsie,Olson,11/10/1985
Justin,Townsend,3/2/1982
Elva,Warner,3/7/1974
Mabelle,Perry,8/2/1976
Flora,Hughes,3/19/1991
Matthew,Hansen,12/9/1974
Jared,Marshall,9/10/1967
Luis,Summers,7/14/1992
Kenneth,Norman,4/13/1999
Myrtie,Hammond,11/29/1981
Mina,Lambert,2/20/1977
Lula,Tucker,6/24/1982
Emily,Parsons,1/20/1994
Adam,Warren,8/31/1983
Bettie,Huff,8/1/1968
Joe,Brewer,11/13/2002
Clyde,Ryan,9/7/1991
Lucas,Montgomery,10/22/1968
Louisa,Henderson,4/17/1971
Verna,Gardner,1/31/1961
Tillie,Rodgers,8/13/1967
Allie,Hansen,1/31/1958
Tommy,Boyd,8/29/1995
Eunice,Henry,8/15/1970
Lettie,Sutton,6/27/1959
Phoebe,Ingram,7/24/1965
Louisa,Clarke,11/23/1982
Mollie,Lyons,5/23/1998
Lucas,Guzman,8/12/1961
Ricky,Waters,3/27/1993
Gilbert,Stevenson,8/12/1963
Evan,Burns,12/12/1993
Beulah,Neal,10/26/1993
Charlie,Holt,5/15/1988
Effie,Woods,10/13/1981
Ethan,Carr,2/13/1982
Bill,Hansen,4/29/1997
Ronnie,Smith,7/7/1995
Georgia,Santos,7/9/1975
Estella,McGee,9/12/1998
Zachary,Weaver,6/7/1960
Grace,Thornton,11/8/1968
Nelle,Rogers,8/4/1986
Elizabeth,Delgado,1/10/1973
Ellen,Allison,1/29/1960
Shawn,McCoy,7/22/1968
Virginia,Holt,1/3/1970
Noah,Hicks,7/7/1983
Alexander,Baldwin,11/10/1972
Eleanor,Rogers,2/2/1998
Millie,Bowen,2/22/1964
Glenn,Saunders,12/9/1994
Justin,Klein,8/8/1958
Luke,Vasquez,11/4/1973
Catherine,Farmer,3/27/1968
Katharine,Griffith,9/2/1996
Howard,Webb,11/6/1987
Lelia,McCormick,10/15/1967
Cecelia,Padilla,8/16/1997
Edgar,Salazar,4/14/1982
Willie,Neal,12/1/1984
Derek,Castro,6/20/1967
Caleb,Barnett,9/16/2000
Jeremiah,Patterson,9/1/1967
Winnie,Powell,1/5/1979
Pauline,Poole,11/13/2003
Allen,Myers,2/15/1992
Douglas,Hill,1/24/1991
Randy,Garza,5/18/1989
Roger,McBride,9/24/1989
Mattie,Greer,11/8/1966
Rena,Craig,8/10/1995
Alice,Lewis,4/15/1975
Logan,Harrison,8/12/1963
Franklin,Murray,10/3/1958
Charlie,Dennis,6/6/1996
Elva,Fuller,7/30/2000
Tom,Douglas,1/16/1958
Beulah,Patrick,4/10/1996
Carolyn,Sparks,7/5/1961
Ollie,Ballard,5/2/1990
Pauline,Byrd,10/28/1989
Mittie,Powers,3/18/1984
Ray,Watkins,3/6/1962
Phillip,Fuller,5/17/1994
Raymond,Obrien,10/12/1996
Emily,Walters,11/24/1965
Lee,Ballard,6/18/1981
Leonard,Palmer,11/9/1989
Brian,Garza,5/4/1968
Alejandro,Hudson,4/24/1962
Roxie,Tyler,5/31/1965
Cynthia,Sanchez,1/10/1962
Katherine,Gregory,11/3/1961
Todd,Wood,5/13/1978
Johnny,Ferguson,12/1/1972
Sally,Gibson,11/27/1995
Daniel,Ross,10/30/1994
Curtis,Weber,9/16/1963
Randy,Warren,8/23/1992
Hester,Cortez,12/30/1971
Evan,Guerrero,9/12/1967
Duane,Wilkins,8/11/1976
Jeffrey,Shelton,3/20/1971
Louisa,Brady,3/13/1974
Adele,Robbins,9/1/1984
Gene,Briggs,11/25/1967
Eunice,Ortega,9/29/1996
Steven,Pratt,3/25/1991
Ruby,Murray,6/26/1959
Ellen,Rose,3/19/1990
Amy,Ramirez,5/2/1999
Alex,Figueroa,10/28/1970
Mathilda,Hawkins,3/29/1986
Lilly,Marshall,10/9/1985
Lula,Briggs,3/27/1970
Micheal,Douglas,8/18/1979
Sara,Knight,10/24/1985
Kevin,Wells,5/29/1968
Cole,Silva,3/24/1999
Ophelia,Padilla,10/27/1972
Evelyn,Munoz,12/15/1957
Dominic,Wagner,10/21/1968
Max,Guzman,1/4/1973
Elnora,Taylor,2/19/1986
Ophelia,Shaw,6/19/1974
Sadie,Oliver,7/23/2003
Mabel,Byrd,6/15/1969
Lucy,Martinez,1/20/1961
Lillian,Ortiz,3/10/1971
Janie,Parker,5/2/1993
Jane,Valdez,9/30/1963
Edward,Foster,4/6/1985
Aaron,Dixon,1/30/1979
Rhoda,Griffith,5/21/1965
Bertie,Greer,12/1/1969
Mitchell,Vega,10/19/1995
Nathan,Cunningham,6/28/1981
Eleanor,Garza,2/4/1990
Zachary,Alvarado,6/4/1977
Louise,Norton,10/23/1968
Violet,Phillips,7/13/1964
Juan,Guzman,1/7/1971
Leroy,Mason,2/5/1993
Clara,Torres,2/25/1963
Shawn,Hayes,3/18/1977
Marvin,Marsh,12/6/1985
Amy,Delgado,12/15/1987
Willie,Evans,2/17/1996
Robert,Patrick,10/3/1969
Henrietta,Hardy,9/28/1989
Essie,Martinez,6/25/1977
Minerva,Ellis,11/15/1996
Harriet,Stokes,7/2/1961
Maggie,Graves,10/17/1972
Don,Meyer,3/9/1994
Myrtie,Allison,2/26/1964
Raymond,Francis,8/23/1962
Eunice,Greene,11/5/1971
Kenneth,Carroll,8/10/1963
Chase,Jacobs,3/13/2000
Joseph,Sparks,4/2/2002
Andre,West,6/3/1965
Kate,Ross,3/27/1974
Louisa,Briggs,6/21/1962
Billy,Wallace,6/27/1971
Lula,Mullins,12/11/1994
Clarence,Chavez,11/5/1993
Mark,Barnett,12/3/1966
Leah,Woods,10/24/1992
Estella,Ray,12/18/1969
Steve,Scott,8/6/1972
Mason,Barnett,5/25/1987
Francis,Medina,3/12/1975
Trevor,Singleton,2/17/1997
Lelia,Brooks,2/13/1973
Leona,Henry,6/4/1989
Phillip,Floyd,2/4/1973
Francis,McDaniel,6/3/2000
Marcus,Francis,8/6/1958
Sean,Christensen,12/3/1993
Addie,Caldwell,10/13/1976
Bill,Mason,5/22/1969
Kevin,Cox,5/16/1959
Myrtle,Stevens,3/28/1970
Leon,Conner,10/2/1991
Aiden,Wise,2/27/1957
Eunice,Schultz,7/30/1973
Elva,Alexander,6/26/1990
Glenn,Johnson,8/13/2000
Rodney,Barker,3/28/1977
Dennis,Pearson,4/24/2000
Mittie,Barker,10/21/1983
Lawrence,Buchanan,3/31/1971
Sara,Parsons,5/14/1983
Gerald,Wise,8/9/1995
Sophie,Thompson,1/27/1993
Augusta,Ferguson,4/23/1977
Curtis,Floyd,6/13/1996
Mamie,Sims,12/22/1998
Loretta,Maxwell,10/16/1979
Jerry,Peters,4/6/1995
Evan,Gibbs,4/3/1978
Rachel,Moreno,4/23/1990
Addie,Fleming,4/24/2000
Logan,Porter,12/1/1969
Anthony,Rodriguez,10/1/1983
Emily,McCormick,9/20/2000
Devin,Patrick,7/29/1979
Benjamin,Williams,5/26/1974
Alice,Stevenson,8/11/1962
Mike,Henry,9/23/1972
Nell,Garza,12/27/1995
Cora,Carroll,7/6/1970
Lois,Bishop,6/10/1997
Katherine,Murray,2/24/2004
Julia,Fields,10/15/1968
Julian,Harvey,12/16/1972
Esther,Patterson,11/23/1975
Susan,Harper,11/12/1991
Thomas,Briggs,4/11/2001
Clara,Drake,6/19/2000
Cameron,Williams,1/20/2002
Clyde,Craig,11/3/1994
Myrtie,Maxwell,6/3/1996
Phoebe,Henderson,5/14/1972
Mary,Todd,5/30/1960
Lou,Potter,6/20/1978
Don,Boyd,1/5/2000
Minerva,Douglas,12/24/1958
Aaron,Blake,2/9/1978
Ellen,Norris,6/9/1995
Hunter,Ortiz,1/27/1966
Leo,Strickland,5/21/1965
Mary,Sullivan,9/10/1979
Adelaide,Rogers,4/5/1976
Steven,Stevenson,7/22/1993
Leonard,McDaniel,8/5/2001
Leroy,Santiago,6/26/1977
Austin,Hogan,9/6/2001
Luella,Rice,7/25/1977
Fanny,Bishop,5/4/2003
Thomas,Hoffman,4/15/1958
Alexander,Andrews,11/25/1987
Ida,Bowman,12/30/1962
Mason,Herrera,2/25/1987
Edna,Delgado,12/21/1964
Abbie,Parker,6/30/1998
Ricardo,Willis,8/6/1961
Adelaide,French,1/14/1965
Myra,Jennings,4/10/1974
Lillie,Paul,3/18/1983
Sophie,Mendoza,4/28/1969
Joe,Carpenter,11/27/1993
Wayne,Bradley,5/7/1974
Maurice,Price,2/23/1962
Nannie,Conner,4/15/1967
Daisy,McGee,3/2/1990
Elijah,Watkins,9/5/1967
Viola,Taylor,8/4/2000
Mabelle,Warren,9/28/1986
Edgar,Moss,6/24/1965
Charlotte,Cortez,8/2/1995
Celia,Bennett,9/4/1981
Hattie,Bradley,9/11/1962
Albert,Reed,7/25/1977
Julian,Roberts,11/8/1958
Sadie,Wong,5/30/1987
Rosie,Hansen,8/2/2001
Theresa,Quinn,9/8/1973
Troy,Joseph,8/22/1970
Amelia,Graham,6/26/1977
Barbara,Blair,1/9/1975
Nathaniel,Parsons,9/20/1978
Kyle,Mann,4/5/1957
Jimmy,Sandoval,6/9/2003
Benjamin,Price,2/16/1978
Kate,Hawkins,5/17/1996
Ora,Gilbert,4/23/1993
Mario,Floyd,7/7/1963
Kevin,Marshall,10/1/1967
Jean,Barber,3/30/1993
Ada,Schwartz,3/31/2003
Dominic,Ramsey,9/19/1986
Jeremiah,Townsend,7/22/1959
Daisy,Barker,12/14/2004
Katharine,Garner,5/3/1991
Lula,Howell,6/10/1986
Jared,Lyons,4/25/1990
Marcus,Sanchez,10/11/1991
Jorge,Richardson,11/6/1988
Tillie,Sparks,9/16/1994
Angel,Pittman,11/27/1974
Emily,Sanchez,7/15/1964
Wesley,Payne,2/28/1978
Adele,Houston,8/16/1974
Isabelle,Hughes,11/7/1979
Nathaniel,Moore,4/12/1998
Sally,Porter,11/4/1997
Danny,Richards,4/1/1988
Polly,Blake,3/22/1964
Cecelia,Pierce,10/20/1981
Lula,Garrett,8/20/1986
Travis,Sparks,6/28/1979
Rena,Oliver,3/22/2003
Winnie,Hill,6/5/1997
Stephen,McKenzie,7/4/1992
Elnora,Chandler,9/24/1964
Dale,Martin,8/9/1962
Pauline,Potter,10/4/1967
Alta,Rice,4/5/1989
Sophie,Holloway,2/4/1968
Ricardo,Underwood,12/14/1966
Micheal,Wade,10/30/1977
Clifford,Miller,10/12/2004
Juan,Nunez,3/13/1991
Shawn,Pope,1/8/1981
Florence,Malone,11/15/1997
Jeremiah,Schneider,5/3/1993
Eugene,Dean,4/14/1964
Adeline,Patterson,7/4/1975
Craig,Lewis,10/22/1959
Abbie,Osborne,7/21/1993
Elva,Thompson,4/5/1988
Caleb,Moody,11/18/1967
Estelle,Burke,3/24/1998
Marguerite,Newton,4/25/1972
Vera,McGee,11/19/1968
Hallie,Doyle,6/8/1984
Callie,Logan,11/3/1987
Kevin,Collier,5/15/1970
George,Casey,12/7/1995
James,Hughes,1/12/1987
Susan,Kelley,2/27/1982
Viola,Castro,5/2/1963
Harvey,McLaughlin,7/10/1972
Mayme,Roberson,3/2/1983
Jane,Curry,8/11/2004
Dennis,Hardy,9/14/1995
Cameron,Holmes,6/4/1970
Isaiah,Banks,4/18/1991
Nellie,Todd,11/28/1961
Matthew,Gordon,8/13/1964
Nina,Allen,4/17/1995
Tony,Owens,6/15/1965
Margaret,Briggs,11/3/1982
Eliza,Hansen,5/10/1992
Garrett,Moody,12/18/1975
Floyd,Stokes,1/22/1982
Russell,Oliver,12/25/1994
Bernard,Baldwin,3/1/1959
Randall,Marshall,5/30/1977
Gordon,Stewart,2/10/1985
Louise,Delgado,2/14/1969
Inez,Sparks,8/7/1958
Oscar,Harrington,9/15/1991
Iva,Hodges,4/9/1973
Georgie,Phillips,5/1/1991
Mollie,Cox,11/2/1973
Mary,Evans,7/11/1993
Blanche,Tate,8/8/1982
Belle,Ferguson,6/16/1999
Cynthia,McCormick,11/10/1972
Lula,Porter,8/24/1981
Luke,Jones,5/29/1981
Katie,Marsh,1/21/1965
Winnie,Vasquez,7/3/1975
Max,Cummings,7/2/1975
Nelle,Payne,8/25/1979
Alejandro,Mendoza,11/7/2000
Logan,Lyons,11/29/1959
Derrick,McKinney,4/21/1964
Celia,Hansen,7/13/1995
Fannie,Townsend,5/14/1978
Minerva,Howell,5/20/1983
Lottie,Perkins,7/7/1982
Albert,Perry,7/6/1979
Adrian,Fleming,2/12/1964
Jeremy,Chavez,11/4/1975
Leon,Campbell,5/19/1997
Rodney,Carson,1/14/1958
Robert,Peterson,9/28/1983
Charlotte,Thomas,9/17/1968
Clyde,Russell,9/20/1965
Randall,Keller,5/25/1996
Jason,Holland,9/24/1986
Derrick,Rodgers,4/9/1993
Iva,Thornton,4/8/2000
Stephen,Evans,10/29/1972
Francis,Mack,8/6/2000
Isabella,Wade,9/14/1990
Alexander,Stevens,11/12/1967
Lola,Ingram,7/10/1988
Brent,McDaniel,12/10/1994
Edwin,Sims,11/28/2000
Elizabeth,Farmer,3/11/1970
Jason,McGuire,12/7/2001
Dylan,Sutton,1/16/1970
Max,Mitchell,4/17/1985
Lucas,Cannon,10/9/2002
Ethan,Peters,11/14/1974
Kathryn,Andrews,4/5/1995
Cody,Schwartz,3/23/1986
Tommy,Malone,5/16/1959
Ernest,Ryan,4/22/1974
Blanche,Gross,3/23/1990
Nellie,Gomez,5/9/1959
Henry,Peters,4/22/1993
Claudia,Cooper,1/19/2000
Jorge,Griffin,8/4/1966
Jim,Clark,8/8/2003
Hunter,Rhodes,1/28/2001
Luis,Stevens,12/14/1967
Cole,Waters,10/16/1964
Alice,Schwartz,9/16/1980
Jeffery,Cooper,7/1/2003
Jay,Higgins,7/30/1965
Andrew,Gomez,7/13/1957
Cornelia,Chandler,6/2/1994
Henrietta,Woods,10/30/1982
Harvey,Armstrong,6/5/2001
Kate,Lamb,2/15/1980
Andrew,Chambers,1/4/1992
Clifford,Jones,12/18/1981
Edward,Barnes,3/10/1964
Glenn,Franklin,4/17/2003
Dale,Reid,4/22/1982
Ella,Maxwell,10/21/2000
Charlie,Hansen,8/10/1996
Dorothy,Frazier,9/16/1967
Evan,Underwood,7/24/1968
Belle,Reid,3/27/1959
Martha,Sutton,12/13/1969
Lizzie,West,2/10/1977
Ida,Sherman,5/23/1995
Chester,Gordon,3/20/1969
Willie,Pierce,10/10/1962
Francis,Mitchell,7/13/1991
Caroline,Gross,1/16/1963
Delia,Mann,3/8/1981
Bobby,Barker,9/1/1968
Mike,Burns,8/8/1958
Mable,Salazar,12/5/1974
Hunter,Keller,10/2/1992
Alvin,Bailey,4/29/1973
Ruby,Rowe,8/11/1957
Olive,Weber,1/4/1967
Claudia,Moss,6/11/1993
Gordon,Cox,10/18/1995
Mamie,Bell,1/26/1992
Jay,Holmes,10/4/2000
Ora,Waters,10/5/1994
Lillie,Woods,3/21/1982
Gene,Jones,8/9/1996
Olga,Schneider,8/29/1965
Luke,Nguyen,5/26/1980
Isabel,Ellis,5/16/1962
Mable,Harvey,2/11/1968
Steve,Silva,1/3/1973
Anthony,Berry,10/8/1995
Owen,Parks,11/4/1980
Eugenia,Snyder,7/17/2001
Sue,Sherman,1/18/1981
Francis,Shaw,10/19/1960
Cordelia,Berry,12/26/1972
Ian,Green,11/9/1976
Trevor,Boone,9/29/1996
Iva,Franklin,1/15/1987
Johnny,Sanders,8/1/1970
Carlos,Perkins,10/21/1981
Willie,Maxwell,3/15/2003
Glen,Cunningham,1/25/1959
Abbie,Spencer,3/28/1989
Rebecca,Olson,6/8/2003
Kyle,Silva,1/13/1959
Clifford,Moody,6/7/1967
Edgar,James,7/20/2004
Chris,Watkins,2/2/1964
Sam,Young,8/8/1987
Carrie,Buchanan,8/13/1958
Billy,Barnes,4/3/1989
Edith,Page,7/10/2001
Clyde,Adams,10/23/1996
Clyde,Sparks,4/21/1979
Danny,Maldonado,2/27/1989
Leo,Francis,5/24/1986
Arthur,Weber,7/9/2001
Cameron,Roberson,8/23/1981
Lester,Richards,6/15/2002
Francisco,Page,2/1/1963
May,Todd,9/23/1999
Lee,Foster,9/11/1966
John,Mason,2/17/1971
Francis,Mann,6/7/1967
Cora,Rios,10/11/1979
Jeff,Kelly,8/4/1985
Bryan,Greene,2/12/1990
Bryan,Jefferson,6/5/1994
Lula,McCoy,12/31/1965
Nicholas,Ward,12/1/2003
Joe,Fernandez,11/28/1957
Terry,Weber,9/14/1964
Charlie,Morrison,2/6/1958
Jonathan,Ellis,1/31/1977
Joe,Larson,12/1/1989
Bertie,Simon,12/31/1965
Agnes,Alvarez,11/6/1960
Gerald,Reynolds,8/18/1972
Julia,Strickland,4/10/1969
Lucas,Reynolds,7/16/1958
Mitchell,Simpson,8/15/1962
Ella,Little,11/3/1998
Dennis,Lane,3/12/1989
Justin,Jefferson,9/12/2002
Cory,Torres,8/8/1981
Amy,Rhodes,9/7/1961
Luella,Chandler,7/4/1992
Blake,Reeves,1/6/1975
Edwin,Figueroa,8/21/1980
Viola,Alexander,2/4/1967
Bertie,Graham,6/19/1961
Nellie,Perez,5/21/1972
Birdie,Jackson,11/15/1973
Fred,Houston,3/7/1962
Nicholas,Haynes,5/6/1974
Franklin,Logan,9/6/1971
Johanna,Wise,8/26/1987
Elmer,Fletcher,10/21/2003
Marvin,Burke,7/4/1996
Todd,Watkins,3/1/2002
Mina,Duncan,7/15/1978
Beatrice,Rose,7/27/1964
Virginia,Walsh,4/4/1983
Genevieve,Fox,12/20/1979
Bruce,Knight,3/12/1971
Chad,Garner,3/13/1999
Gary,Marsh,1/3/1992
Andre,Fields,2/4/1961
Della,Dixon,5/10/1973
Kate,Ryan,5/7/2002
Roger,Watson,12/8/2004
Amelia,Rodriguez,3/12/1961
Ricardo,Hunt,7/30/2001
Susie,Gonzalez,9/24/1963
Catherine,Davis,10/26/1972
Bobby,Garner,10/9/1967
Alvin,Ingram,9/23/1968
Gavin,Soto,7/19/1961
Tyler,Murray,6/8/2000
Patrick,Rivera,2/7/1987
Cordelia,Knight,9/4/1978
Logan,Gill,10/22/1988
Olivia,Martin,3/14/1991
Genevieve,Neal,11/19/1981
Donald,Atkins,12/27/2004
Mabelle,Ramos,4/11/1980
Pauline,Hill,3/9/1998
Catherine,Henry,8/12/1965
Isabelle,Ramirez,1/10/2004
Randy,Harrington,10/24/1963
Viola,Schwartz,12/28/1968
Lura,Flowers,2/2/1990
Polly,Morales,1/15/1988
Nancy,Banks,6/28/1963
Mathilda,Dean,12/5/1990
Travis,Burton,2/21/1978
Theodore,Barber,1/22/1998
Jimmy,Jimenez,3/16/1994
Marcus,Young,8/16/1974
Jay,Barton,7/7/1982
Hilda,Lloyd,7/7/1985
Dennis,Hudson,6/18/1962
Angel,Walton,10/21/1996
Eugenia,Clayton,9/8/1979
Edgar,Warren,7/30/1993
Dora,Jordan,10/1/2001
Antonio,Holmes,7/11/1980
Phillip,Foster,3/17/1960
Edgar,Herrera,8/12/1986
Leon,Schultz,12/21/1981
Justin,Drake,2/8/1960
Jayden,Holloway,9/19/1957
Bradley,Campbell,5/20/1987
Roy,Craig,11/8/2003
Lina,Freeman,1/27/2000
Lawrence,Collins,4/16/1973
Loretta,Payne,4/21/1977
Elva,Griffin,2/8/1988
Leon,Fuller,9/3/1982
Isabella,Luna,5/7/1995
Minerva,Aguilar,2/21/1987
Adele,Schwartz,11/24/1991
Winifred,Goodwin,7/7/1997
Cora,Lyons,1/16/1966
Addie,Bailey,6/3/1983
Alice,Stewart,9/2/1959
Sallie,Houston,3/23/1957
Lillie,Robinson,1/21/1994
Ann,McCoy,1/29/1974
Noah,Turner,2/15/1993
Lula,Luna,5/30/1996
Birdie,Rowe,5/30/1997
Addie,Hines,11/3/1987
Ian,Summers,9/29/1975
Leah,Massey,6/15/1980
Madge,Ramsey,3/18/1981
Verna,Bush,5/3/1993
Elmer,Hansen,4/5/1982
Jacob,Larson,10/20/2003
Ida,Wolfe,3/13/1982
Manuel,Munoz,8/8/1990
Shane,Griffith,2/13/1963
Betty,Nunez,8/23/1978
Austin,Reynolds,8/2/1992
Jerome,Russell,1/25/1964
Adele,Tyler,4/14/1982
Christine,Luna,5/27/1999
Leona,Graves,10/15/1977
Brandon,Sutton,6/16/1969
Patrick,Rivera,1/18/1957
Nathaniel,Rios,8/24/1961
Jeremy,Goodman,6/17/1973
Polly,Mason,11/10/2000
Bruce,Kelley,11/17/1977
Esther,Payne,7/16/1991
Mabelle,Banks,1/11/1988
Rosie,Murray,4/8/1958
Francisco,Lewis,8/1/1974
Olga,Robbins,6/12/1963
Francis,Drake,10/30/1977
Maud,Gilbert,6/19/2002
Harvey,Horton,4/7/1978
Zachary,Rogers,6/21/1979
Bobby,Williamson,6/5/1993
Cecilia,Gomez,10/12/1991
Edgar,Palmer,5/11/1981
Esther,Daniel,2/26/1997
Jason,Ramirez,5/1/1958
Bernice,Cain,2/27/1960
Lucinda,Meyer,6/6/1984
Maria,Hawkins,4/5/1978
Sophie,Baldwin,5/31/1967
Hattie,Underwood,8/28/1999
Blake,West,2/2/1964
Brian,Wood,10/14/1996
Ronnie,Greer,12/8/1977
Francis,Rowe,4/10/1999
Elizabeth,Byrd,1/14/1996
Allie,Porter,1/4/1962
Ronald,Rodriguez,11/17/1981
Irene,Stevenson,9/16/1976
Manuel,Ward,6/27/1998
Lucinda,Sanchez,8/21/1995
Nell,Garcia,1/19/1990
Jackson,Hansen,10/6/2003
Caroline,Armstrong,12/26/1981
Clarence,Moss,7/9/1997
Susan,Willis,7/12/1980
Rachel,Briggs,4/19/2004
Charlotte,Leonard,1/20/1982
Lou,Keller,4/28/1986
Brian,Johnson,2/5/1957
Della,Hines,6/30/1968
Elnora,Murray,12/20/1997
Logan,Chapman,6/13/1959
Rodney,Crawford,5/13/1977
Beatrice,Allison,4/11/1988
Ricardo,Baldwin,2/3/1972
Herman,Ortega,7/28/1999
Todd,Goodwin,2/1/1987
Charles,Dixon,10/30/1964
Derrick,Underwood,4/8/1990
Isaiah,Gonzales,9/21/1974
Lily,Grant,11/3/1991
Elizabeth,Walker,9/22/1958
Tyler,Schwartz,8/1/1960
Jeffrey,West,8/5/1996
Mario,Hawkins,5/14/1995
Brent,Robinson,11/16/1958
Peter,Young,1/28/1996
Jesse,Sherman,12/17/1984
Michael,Sharp,12/31/1979
Jesse,Copeland,2/12/1987
Leah,Fitzgerald,10/3/1965
Sean,Hart,11/17/1987
Dollie,Austin,11/16/1986
Norman,Thomas,5/16/1997
Ruth,Lee,10/22/1974
Eva,Campbell,5/18/1981
Willie,Ortega,2/27/1983
Josie,Roy,2/19/1997
Miguel,Tucker,9/12/1990
Dylan,Evans,6/30/1957
Catherine,Quinn,2/7/1997
Amy,Brooks,7/7/1977
Mollie,Jackson,1/14/2003
Dorothy,Sherman,9/7/1967
Dale,Flores,7/18/1962
Allen,Freeman,6/19/1979
Marc,Montgomery,5/11/2003
Evelyn,Scott,4/19/1959
Luke,Cohen,7/21/1992
Glen,Miller,5/10/1959
Mike,Arnold,7/11/1975
Susan,Hale,4/23/2000
Carolyn,Cox,8/12/1988
Mamie,Richardson,10/11/2002
Steve,McLaughlin,5/12/1967
Trevor,Caldwell,4/24/1964
Marvin,Lopez,6/1/1981
Jeanette,Munoz,7/31/1971
Hettie,Barnes,9/24/1969
Nina,Moody,6/27/1985
Leonard,Ward,11/27/1957
Sarah,Gross,7/25/1968
Leonard,Gardner,8/6/1987
Richard,McBride,11/20/1985
Timothy,Howell,3/30/1976
Elizabeth,Carlson,7/7/1959
Louise,Murphy,10/21/1964
Violet,Munoz,8/9/1996
Edith,Love,6/22/1997
Willie,Lane,7/28/1976
George,Wright,3/21/1969
Olive,Carroll,4/7/1958
Minerva,Padilla,1/20/1974
Elsie,Ward,4/5/1968
Harold,Higgins,7/9/1970
Amy,Moss,5/3/1968
Patrick,King,6/15/1997
Lida,Paul,7/12/1967
Charlotte,Chambers,12/9/1974
Chris,Mathis,3/12/1960
Jay,Peters,7/24/1991
Mark,Morgan,10/3/1997
Martin,Floyd,12/28/1984
Olivia,Gross,4/13/1957
Howard,Hansen,10/12/1972
Milton,Carr,2/9/1980
Janie,Fowler,6/30/1997
Samuel,Lee,10/26/1959
Emily,Fletcher,3/17/2004
Glen,Stone,8/5/2004
Ella,Barnes,4/28/1992
Paul,Flores,3/29/1958
Jessie,Patton,7/22/1988
Marian,McBride,7/5/2000
Lawrence,Erickson,9/2/1996
Randall,McCoy,6/7/1992
Pearl,Christensen,9/3/1984
Alta,Thomas,5/8/1968
Ada,Castro,3/13/1990
Gilbert,Pierce,2/13/2001
Albert,Lane,6/25/1972
Dollie,Gibson,12/31/1994
Jean,Stevens,10/29/1977
Nina,Patton,12/23/1972
Mina,Norman,7/3/1972
Rosa,Wolfe,2/21/1996
Georgie,Edwards,5/6/1997
Sean,Hernandez,1/22/1995
Pearl,Palmer,8/9/1960
Bradley,Murphy,4/22/1997
Christian,Frazier,3/27/1977
Floyd,Pittman,12/22/1957
Maud,Reyes,2/14/1999
Aaron,Goodman,7/11/1971
Donald,Silva,8/19/1965
Christopher,Owen,11/27/1976
Ola,Bryant,12/12/1972
Katharine,Higgins,2/15/1998
Della,Schmidt,1/28/1994
Violet,Barber,4/4/1970
Maud,Welch,6/12/1959
Jonathan,Parker,5/10/1992
Tommy,Reyes,12/26/1991
Lola,Sharp,10/6/1969
Mabelle,Romero,9/13/1957
Chase,Pearson,9/20/1984
Lester,Hogan,10/4/1994
Beulah,Gibbs,8/22/1969
Corey,Francis,4/29/2000
Maria,Wallace,12/3/1959
Alma,Gill,5/31/1959
Hunter,Fisher,11/27/1980
Isabelle,Jackson,5/7/1958
Alvin,Gray,12/29/1972
Corey,Johnston,1/13/1980
Marc,Townsend,6/30/1986
Jose,Castillo,7/24/1975
Sally,Burton,11/28/1968
Hulda,Cunningham,4/26/1963
Joel,Padilla,11/24/1972
Robert,Jones,10/20/1959
Dustin,Newton,4/10/1992
Dora,King,9/6/1958
Agnes,Watkins,6/9/1977
Billy,Quinn,5/12/1995
Leonard,Jensen,3/5/1969
Eddie,Roberson,10/28/1975
Joshua,Hanson,11/13/1987
Lucille,Jones,5/27/1990
Henry,Castillo,11/18/1960
Brandon,Burton,3/8/1999
Ada,Ramirez,2/14/1986
Patrick,Shaw,11/5/1966
Caroline,Roberts,10/31/1991
Michael,Bryant,7/12/2002
Susan,Graves,4/8/1997
Lucy,Newman,12/31/1991
Tyler,French,2/23/1997
Lois,Tyler,8/24/1982
Daniel,Torres,3/29/2003
Ruth,Roberts,10/28/1978
Daniel,Floyd,9/14/1983
Lucy,Carr,10/31/1966
Olga,Jensen,2/17/1965
Scott,Banks,2/20/2000
Dora,Blake,5/30/1967
Lena,Leonard,12/3/1983
Patrick,West,5/18/1977
Erik,Austin,5/29/1983
Carlos,Byrd,5/18/1974
Milton,Swanson,5/17/1978
Jesus,Lloyd,6/18/1982
Jeffrey,Dixon,1/26/1966
Leah,Gomez,10/7/1999
Elijah,Fernandez,4/26/1982
Teresa,Ward,12/3/1981
Jim,Gilbert,11/28/1966
Tommy,Guerrero,6/4/1977
Russell,Anderson,10/9/1994
Elmer,Lloyd,12/28/1996
Marvin,Gomez,1/3/1975
Minnie,Bates,1/26/1979
Viola,Walker,1/14/1994
Rodney,Mendez,10/13/1989
Robert,Hernandez,3/11/2003
Violet,Moreno,2/7/1996
Sylvia,Lowe,7/6/1974
Ivan,Gibbs,1/21/1987
Cynthia,Rowe,6/10/1958
Susie,Franklin,2/16/1994
Keith,Blake,8/15/1994
Louise,Fox,2/1/1993
Edith,Lane,4/25/1986
Tony,Wagner,7/8/1981
Olga,Guzman,4/6/1962
Rosa,Caldwell,2/12/1991
Carolyn,Gilbert,3/17/1983
Martha,Beck,5/4/1961
Alan,Woods,7/4/1962
Alvin,Thornton,2/3/1972
Lura,Strickland,9/6/1975
Evan,Scott,11/9/1985
Gerald,Leonard,8/10/2002
Jack,Padilla,8/1/1969
Annie,Quinn,2/15/1975
Birdie,Barnett,8/11/1973
Teresa,Burke,12/26/1965
Nancy,Rowe,11/23/1989
Gavin,Rice,3/1/1965
Craig,Bishop,4/19/1978
Daisy,Wallace,11/27/1983
Eula,Maxwell,2/21/1991
Troy,Fitzgerald,6/29/1963
Donald,Padilla,7/24/1957
Victor,Garcia,11/27/1991
Luis,Dixon,1/18/1966
Blake,Robertson,1/12/1999
Chris,Jones,8/14/1975
Victor,Wright,1/28/1966
Olive,Anderson,10/7/1997
Glenn,Schneider,4/19/1989
Cynthia,Fields,3/9/1959
Connor,Lee,6/29/1986
Alice,Andrews,10/24/1996
Luke,Goodman,5/4/1996
Calvin,Mullins,10/8/1992
Carolyn,Lewis,6/25/1983
Eugene,Rowe,12/16/1978
Mayme,Wright,7/17/1969
Abbie,Craig,5/11/1981
Albert,Montgomery,9/4/1977
Dylan,Little,2/8/1993
Maurice,Weaver,12/19/1993
Joel,Andrews,4/12/1973
Lucy,Lopez,1/31/1967
Edgar,Berry,7/1/2002
Hunter,Colon,1/3/1965
Elva,Mills,8/29/1990
Elizabeth,Woods,4/2/2000
Beatrice,Griffith,8/2/2001
Carl,Keller,10/4/1962
Allie,McGee,11/28/1987
Chris,Holt,6/23/1998
Alice,Pearson,5/29/1975
Lily,Austin,6/25/1986
Fannie,Martin,12/29/1986
Ola,Burton,7/8/1967
Lucy,Barnes,6/21/1974
Georgia,McKinney,8/11/1957
Viola,Figueroa,6/28/1964
Zachary,Reynolds,12/14/1965
Nettie,Williams,1/4/1958
Lou,Kim,6/9/1965
Betty,Neal,2/12/1960
Ethan,Price,11/21/2004
Lulu,Mack,5/7/1977
Larry,Burton,8/30/1982
Hilda,Caldwell,4/4/1978
Teresa,Aguilar,12/31/2003
Edith,Lopez,1/26/1971
Gregory,Lamb,12/13/1985
Michael,Graham,12/15/1977
Ophelia,Scott,5/27/2000
Maurice,Jimenez,12/4/1996
Jeremy,Parker,10/24/1994
Lucy,Nunez,11/19/2003
Julia,Barber,9/20/1992
Ryan,Carter,10/10/2003
Amelia,Stewart,9/14/1982
Shawn,Hicks,4/7/1992
Rosalie,Maxwell,9/20/1998
Emilie,Bowen,6/24/2004
Philip,Daniels,7/29/2002
Josie,Fernandez,7/6/1961
Randy,McDonald,5/11/1967
Dora,Bishop,12/2/1962
Ivan,Bass,10/18/1972
Samuel,Sanders,3/10/1974
Noah,Figueroa,2/9/1961
Carrie,Spencer,10/24/2002
Bobby,Bass,12/22/1999
Edna,Davis,3/2/1994
Tillie,Roy,4/30/2001
Alexander,Matthews,5/4/2002
Julia,Berry,3/19/1968
Willie,Joseph,11/19/1993
Antonio,Elliott,2/6/1991
Don,Harris,9/11/1957
Andre,Klein,4/29/1964
Amy,Conner,7/2/1986
Alta,Jensen,11/21/1968
Isaiah,Bennett,12/24/1966
Stanley,Austin,7/12/1970
Matthew,Martinez,2/18/2002
Jim,Nash,12/31/1957
Lura,Fox,7/20/1989
Birdie,Hart,1/18/1976
Jacob,Mendez,5/19/1972
Eleanor,Daniel,5/7/1962
Ernest,Francis,8/11/1970
Peter,Price,5/26/1998
Wayne,Dunn,10/2/1993
Gerald,Mitchell,7/15/2001
Elnora,Roy,6/21/1996
Edwin,Todd,4/11/1984
Cody,Guerrero,1/12/1985
Max,Dunn,12/3/1968
Eliza,Diaz,2/1/1958
Isaiah,Craig,1/21/1981
Mary,White,12/16/1987
Ella,Watts,10/3/1964
Jessie,Montgomery,3/13/1963
Harry,Huff,2/17/1973
Johnny,Martinez,8/1/1971
Sophia,Holloway,9/27/1973
Matthew,Gray,7/25/1957
Harry,Richards,10/2/1998
Hattie,Lane,9/30/1959
Jack,Buchanan,12/3/2001
Raymond,Russell,1/12/1978
Bill,Daniels,10/29/1979
Alfred,Atkins,1/24/1962
Nelle,Miller,7/2/1959
Alberta,Montgomery,6/10/2003
Stephen,Steele,9/4/1995
Mario,Phillips,12/26/1975
Ora,Duncan,10/25/1966
Maurice,Jenkins,9/18/1979
Darrell,Wilson,11/8/1985
Albert,Morales,8/26/1992
Lou,Goodman,2/9/1975
Hester,Salazar,2/7/1988
Susan,Peterson,2/3/1979
Katie,Little,10/6/1973
Nancy,Carr,5/23/1978
Fanny,Franklin,10/6/1974
Dylan,Ross,8/11/1989
Daisy,Perry,11/19/1968
Helen,Lane,10/2/1963
Norman,Carr,4/19/1973
Jackson,Ryan,6/12/1982
Augusta,Poole,6/11/1995
Bryan,Johnson,12/23/1991
Cora,Evans,12/26/1960
Cameron,Gonzales,10/1/1996
Ellen,Lloyd,2/20/1982
Joseph,Gordon,5/4/1981
Chase,Lane,9/25/1988
Francis,Watkins,8/23/1999
Chad,Potter,8/9/1984
Betty,Jacobs,7/26/1998
Vincent,Clayton,8/4/1958
Effie,Clayton,2/25/1998
Tony,Goodman,3/4/1991
Manuel,Davis,10/17/1986
Rodney,Jensen,5/16/1992
Barry,Gibson,3/18/1974
Adele,Wells,10/25/1999
Joe,Jones,1/6/1965
Cory,Watts,6/13/1984
Katharine,White,12/5/1959
Jeremy,Tucker,7/16/1983
Florence,Luna,4/14/1988
Lucile,McCarthy,9/27/1979
Mark,Carlson,12/24/2003
Georgia,Gardner,4/9/1973
Cory,Henry,9/20/1973
Donald,Jenkins,4/29/1958
Loretta,Figueroa,11/8/1961
Jimmy,Hubbard,6/2/1987
Eric,Carson,10/3/1975
Essie,Young,7/23/1979
Kenneth,Long,12/29/1972
Tom,Roberson,9/17/2003
Nannie,Owen,6/1/1968
Ruby,Burton,3/23/1991
Brian,McCormick,3/9/1970
Benjamin,Hayes,11/6/1994
Steve,Weber,11/13/1991
Iva,Delgado,8/3/1985
Bernice,Lloyd,2/19/1969
Jose,Klein,7/7/1976
Ernest,Simon,11/4/1962
Dustin,Johnston,11/10/2000
Ethan,Guerrero,6/16/1972
Rosetta,Richardson,7/27/1971
Cory,Douglas,9/26/1969
Lou,Love,2/2/1969
Leon,Newton,2/23/1960
Anthony,Wagner,12/28/1997
Genevieve,Lyons,10/7/1995
Sue,Butler,7/29/1970
Michael,Washington,7/15/2002
Elnora,Bishop,7/7/1976
Adelaide,Barrett,2/24/2003
Rosetta,Silva,1/16/1963
Violet,May,11/21/1978
Glenn,Norris,7/17/1997
Dean,Mitchell,12/1/2003
Lulu,Cobb,9/12/1988
Eula,Gonzalez,8/18/1983
Rose,Matthews,1/4/1977
Eddie,Becker,10/8/1966
Virginia,Arnold,12/25/1993
Adele,Owens,8/28/1971
Steve,Vargas,5/16/1962
Alberta,Park,6/29/1992
Victoria,Steele,12/3/1976
Madge,Sanders,12/5/1974
Cory,Oliver,5/25/1963
Nettie,Sandoval,10/8/1981
Jeffery,Greer,3/25/1991
Carlos,Maldonado,10/9/1980
Sue,Greer,8/23/1989
Allie,Parks,12/19/1998
Lawrence,Bradley,10/26/1984
Addie,Gill,3/15/1997
Lenora,Wilson,6/21/1959
Mathilda,Allen,9/15/1968
Leila,Chandler,2/6/2004
Sam,Sandoval,12/11/1999
Sadie,Stewart,5/6/1997
Frederick,Rodgers,10/13/1995
Lillian,Davidson,5/21/1957
Maria,Cruz,12/29/1991
Emily,May,10/9/1985
Curtis,Gibbs,5/11/1989
Derrick,Blair,11/4/2001
Aiden,Craig,2/10/1999
James,Hopkins,11/12/1973
Henrietta,Moss,12/22/1993
Florence,Caldwell,4/10/1957
Jay,Woods,6/9/1992
Chase,Roy,12/17/1985
Johanna,Bowman,2/24/1971
Paul,Marshall,3/22/1983
Eddie,Francis,12/5/1986
Alberta,Silva,12/28/1961
Lucinda,Thompson,3/1/1957
Jeremy,Snyder,7/27/1971
Eleanor,Gibson,8/29/1974
Eliza,Hanson,10/15/2002
Jesus,Foster,10/16/2000
Gussie,Estrada,2/2/1994
Kenneth,Duncan,5/23/1982
Albert,Curry,7/11/1980
Billy,Goodwin,6/4/1981
Allie,Chandler,1/6/1967
Abbie,Flores,8/23/1962
Jonathan,Perry,7/20/2004
Isabella,Kelly,11/24/1983
Joseph,Ruiz,5/26/1992
Bruce,Ruiz,3/21/1970
Randall,Lindsey,12/15/1961
Sue,Santos,1/12/1968
Albert,Quinn,1/11/1958
Francis,Burns,4/6/1983
Joshua,Ramsey,4/3/2000
Brandon,Lane,1/10/1979
Adrian,Lawson,6/29/1980
Dorothy,Waters,11/5/1990
Maude,Guerrero,12/5/1965
Ophelia,Carson,4/28/1970
Austin,Wilkins,11/13/1998
Theodore,Simmons,2/19/1987
Ruth,Simpson,9/23/1977
Kenneth,Price,1/27/1978
Timothy,Morton,8/3/1981
Mollie,Sullivan,7/14/1988
Rodney,Garner,11/3/1979
Charlotte,Anderson,11/14/1989
Carrie,Chambers,8/22/1990
Rena,Page,6/21/1959
Devin,Burton,3/18/1972
Chester,Dunn,3/31/1990
Ian,Collier,10/8/1973
Harvey,Rose,7/20/1958
Edith,Barnett,7/10/1970
Trevor,Lynch,10/9/1981
Isabelle,Berry,2/15/1994
Elizabeth,Hansen,12/3/1998
Henrietta,Barrett,1/28/1974
Angel,Lowe,7/25/1991
Elmer,Miller,11/10/1975
Grace,Mendez,8/13/1989
Frederick,Martinez,6/1/1961
Peter,Cole,10/6/1967
Pauline,Greene,4/9/1968
Jerome,Fields,12/15/2001
Clara,Strickland,7/26/1960
Alex,Kennedy,9/28/1977
Georgia,Butler,6/10/1964
Marcus,Simon,10/26/1979
Viola,Harper,1/13/1960
Sarah,Ortiz,9/10/1994
Austin,Reese,2/22/1969
Mario,Frazier,5/28/1959
Nora,Huff,12/22/1967
Bertha,Bowman,10/9/1991
Bobby,Hampton,4/12/1970
Celia,Ellis,1/27/1960
Edgar,Barber,5/13/1977
Ola,Hardy,10/16/1992
Shane,Chandler,11/28/1996
Phoebe,Doyle,6/5/2004
Rosetta,Fuller,7/21/1974
Mary,Collins,2/19/1992
Olga,Williamson,4/8/1966
Janie,Harrison,2/4/1969
Virgie,Collier,1/10/2000
Lula,Larson,10/14/1990
Hallie,Fisher,9/21/1980
Theresa,Miller,12/27/1977
Miguel,Pratt,1/1/2004
Garrett,Moss,7/9/1996
Jerry,Freeman,3/28/1988
Rosa,Robinson,9/5/1998
Austin,Jenkins,7/6/1978
Willie,Lopez,3/8/1998
Francis,Nash,7/17/1977
Antonio,Young,10/20/1989
Joshua,Singleton,3/20/1976
Samuel,Sutton,7/13/2001
Owen,Harper,9/26/2003
Ora,Kelley,12/9/1976
Wayne,Wright,1/31/2000
Maria,Thornton,5/11/1994
Jeff,Marshall,1/12/1978
Cornelia,Hill,3/5/2002
Gertrude,Carr,9/12/1959
Lucille,Perkins,2/19/1961
David,Maldonado,3/28/1983
Katie,Jones,9/19/1976
Josephine,Ortiz,4/24/1981
Vernon,Keller,6/30/2004
Amanda,Harper,11/8/1973
Mattie,Rhodes,1/23/1986
Daniel,McDaniel,2/16/2001
Ina,Erickson,12/26/1994
Bertie,Carson,9/20/1993
Raymond,Ortiz,6/27/1969
Leo,Maxwell,11/2/1992
Jerry,Gross,3/8/1996
Mollie,Sparks,9/12/1980
Marion,Willis,12/5/1969
Alma,Munoz,9/21/1975
Edith,Gonzalez,9/2/1982
Clyde,Ramirez,12/4/1964
Georgia,Norton,1/17/1973
Lola,Casey,4/9/1977
Esther,Singleton,3/7/1963
Milton,Davis,3/23/2004
Elsie,Mitchell,12/6/1962
Rosetta,Holmes,7/10/1974
Irene,Jimenez,4/4/1997
Marguerite,Briggs,12/13/1983
Edna,Osborne,10/2/1964
Phillip,Crawford,9/7/1993
Glenn,Flores,3/5/1985
Sara,Brady,11/8/1972
Timothy,Franklin,11/27/1990
Robert,King,9/7/1993
Maggie,Bradley,4/15/1969
Joshua,Stevenson,4/13/2001
Luella,Olson,8/14/1995
Alex,Terry,8/6/1996
Jessie,McGee,2/13/1957
Jared,Gray,1/16/1961
Douglas,Warren,1/9/1982
Mildred,Ryan,9/30/1985
Maud,Singleton,1/7/1992
Eleanor,Hunter,8/27/1962
Jorge,Campbell,5/26/1971
Glenn,Grant,6/10/1999
Adelaide,Payne,1/3/1958
Sadie,Williams,9/25/1968
Lucille,Becker,7/2/1996
Loretta,Bryan,6/20/1977
Julia,Rios,12/19/1981
Carl,Lindsey,5/20/1970
Matthew,Erickson,12/10/1984
Elsie,Moss,10/1/1978
Peter,Matthews,4/29/1998
Chester,Watts,9/17/1984
Theodore,Lane,1/16/1976
Joshua,Ramirez,12/24/1991
Cecilia,Sutton,10/1/2000
Louise,Gill,6/6/1964
Seth,Henderson,1/17/1978
Effie,Brady,10/12/1972
Jerome,Ellis,11/26/1978
Nathan,Weber,4/22/1972
Gussie,Aguilar,9/26/1999
Peter,Cobb,2/22/1976
Betty,Gordon,5/23/1983
Linnie,Ray,8/11/1960
Lou,Stevens,6/16/1980
Curtis,Daniel,9/13/1964
Lilly,Flores,5/15/1962
Harriet,Fuller,5/16/1970
Alexander,Schmidt,2/21/1992
Jimmy,Cummings,2/17/1959
Sallie,Brock,5/15/1959
Richard,Lawson,11/14/1983
Millie,Hines,6/21/1971
Charlotte,Stevens,2/20/1986
Terry,Rowe,5/5/1973
Ruth,Floyd,12/18/1976
Alvin,Rodgers,8/20/1965
Edgar,Frank,5/6/2001
Logan,Vaughn,3/24/1983
Tom,Joseph,3/23/1991
Ronald,Martin,10/13/1970
Raymond,Flowers,3/31/1959
Ruby,Baldwin,9/15/1994
Celia,Gardner,4/24/1980
Mina,Stephens,2/11/1993
Isaiah,Sanders,8/26/1961
Jeanette,Barnett,6/10/1983
Maude,Nelson,2/18/1976
Sophie,Barrett,8/7/1979
Rose,Dunn,8/10/1992
Isabella,Joseph,4/15/1974
Effie,Richards,11/2/1982
Marie,Turner,6/28/1970
Craig,Paul,7/17/1974
Leona,Dixon,3/17/1989
Ophelia,Martinez,1/11/1982
William,Ramsey,7/10/1975
Rebecca,Austin,11/9/1994
Melvin,Parks,6/23/1970
Alma,Frazier,5/15/2001
Phillip,Sanchez,11/14/1971
Caleb,Terry,12/10/1993
Helena,Pearson,3/20/1993
Carolyn,Carter,8/21/1977
Joseph,Chavez,9/12/2004
Frank,Chambers,1/28/1992
Emily,Hines,7/7/1977
Ethel,King,4/23/1981
Evan,Nunez,7/2/1984
Franklin,Weber,11/19/1989
Gordon,Pratt,3/19/1959
Jeffrey,Underwood,3/4/1963
Hulda,Wise,3/5/1995
Virginia,Rogers,12/31/1984
Bettie,Arnold,7/27/1978
Agnes,Larson,7/10/1966
Vincent,Lloyd,5/14/1960
Jacob,Hawkins,7/31/2001
Sue,Long,4/11/1962
Isaiah,Brock,8/31/2002
Isaiah,Johnston,2/1/1973
Louis,Johnson,5/1/2001
Rosalie,Colon,7/4/1982
Roxie,Nguyen,6/27/1958
Mae,Walters,4/11/1996
Susie,Harper,11/5/1967
Julian,Lawrence,10/9/1975
Gussie,Simon,7/30/1993
Troy,McBride,9/6/1980
Betty,Saunders,2/22/1957
Walter,Moody,12/11/1993
Nellie,Garza,1/4/1960
Sylvia,Palmer,8/23/1972
Ruth,Fernandez,12/23/1966
Ethel,Sullivan,2/7/1974
Lizzie,Park,11/30/1983
Roxie,Valdez,4/15/1961
Michael,Conner,9/22/1960
Henry,Perez,11/30/2003
Derek,Cox,3/14/2001
Owen,Hunt,5/30/1986
Ollie,Saunders,12/3/1996
Owen,Byrd,7/28/1959
Ada,Peterson,12/26/1997
Sylvia,Green,11/28/1987
Charlotte,Aguilar,6/3/1978
Ruth,Green,3/21/1986
Vera,Fowler,2/25/1997
Tom,Fleming,12/30/2004
Travis,Chambers,2/11/2002
Francisco,Wallace,11/15/1985
Phillip,Summers,11/28/1985
Anne,Frazier,5/17/1962
Leona,Lynch,3/20/1988
Randy,Rowe,12/22/1967
Alberta,Ellis,7/3/1993
Ada,Howard,10/1/1979
Frederick,Stevens,12/14/1992
Bruce,Patterson,5/6/2004
Clarence,Miller,11/16/1997
Ivan,Mason,11/26/1963
Adam,Armstrong,10/8/1987
Glenn,Nunez,11/20/1990
Harold,Schultz,1/9/2000
Jim,Cunningham,3/26/1964
Aaron,Alvarado,2/8/1997
Micheal,Wise,11/13/1963
Jeff,Medina,2/17/2003
Amy,Lane,5/4/1961
Marc,Copeland,6/19/1994
Charles,Clark,7/16/1961
Millie,Daniels,3/8/1974
Adelaide,Anderson,7/29/1969
Bess,Long,7/31/1981
Katie,Gardner,4/6/2003
Lena,Norman,6/11/1960
Lou,Pearson,12/13/1972
Leah,Drake,3/29/1970
Mollie,Miller,5/19/1969
Nancy,Willis,10/22/1971
Daisy,Malone,12/16/1970
Allie,Miller,5/6/1973
Katharine,Francis,7/5/1970
Inez,Hill,12/29/1968
Ruth,Payne,10/25/1963
Leon,Martinez,4/13/1971
Harriett,Webb,5/14/2002
Barbara,Bailey,7/13/1970
Belle,Patrick,5/23/1991
John,Greer,5/31/1991
Chester,Austin,10/31/2000
Beatrice,Watson,9/28/1997
James,Watson,8/3/1964
Randy,Owens,1/28/1963
Sylvia,Ellis,7/18/1996
Lee,Butler,5/27/1988
Phillip,Baker,10/24/1971
Walter,Guzman,7/6/1980
Bertie,Hart,1/25/1968
Matthew,Ballard,10/12/1971
Brent,Klein,2/21/2002
Eva,Farmer,2/10/1975
Austin,Powers,2/20/1983
Nellie,Osborne,6/12/1988
Nancy,Burton,9/26/1968
Betty,Jimenez,8/11/2004
Jeanette,Alvarado,3/24/2001
Elizabeth,Munoz,4/30/1999
Carl,Christensen,6/12/1987
Sue,Jacobs,4/26/1957
Tommy,Wise,3/23/1983
Alan,Bowman,1/3/1990
Theodore,Stewart,2/17/1971
Manuel,Page,7/12/1972
Margaret,Ryan,1/6/1961
Bernard,Cook,6/18/1989
Bruce,Frank,12/4/1997
Clara,Curry,9/21/1978
Glenn,Luna,1/23/1979
Lola,Cunningham,10/21/1978
Jesse,Leonard,3/26/1985
