,bath,bed,isVavcantLand,price,sqft,zpid,address
0,4.0,4.0,False,19000000.0,3436.0,2102943021,10832-NE-37th-Pl-APT-1-Bellevue-WA-98004
1,1.75,2.0,False,375000.0,1115.0,2126951343,6693-SE-Cougar-Mountain-Way-Bellevue-WA-98006
2,2.5,3.0,False,290000.0,1185.0,54425271,14652-SE-8th-St-Bellevue-WA-98007
3,4.0,5.0,False,19000000.0,6518.0,48908003,4-Lake-Bellevue-Dr-APT-111-Bellevue-WA-98005
4,2.0,2.0,False,325000.0,1017.0,48920994,12455-SE-26th-Pl-Bellevue-WA-98005
6,5.0,5.0,False,26000000.0,4322.0,2101024305,4246-155th-Pl-SE-UNIT-2-2-Bellevue-WA-98006
7,2.0,2.0,False,400000.0,1510.0,48914555,15902-SE-4th-St-Bellevue-WA-98008
8,2.0,3.0,False,595000.0,1620.0,2116015477,1750-152nd-Ave-NE-APT-C314-Bellevue-WA-98007
9,1.0,1.0,False,145000.0,833.0,72494634,503-142nd-Ave-SE-APT-65-Bellevue-WA-98007
10,1.5,2.0,False,270000.0,930.0,2101029375,12517-NE-23rd-Pl-A3-Bellevue-WA-98005
11,2.0,2.0,False,270000.0,1206.0,48966579,9817-SE-Shoreland-Dr-Bellevue-WA-98004
12,,0.0,False,12000000.0,3980.0,49113444,9613-Vineyard-Crst-Bellevue-WA-98004
13,2.0,3.0,False,15900000.0,1850.0,63301640,2220-132nd-Ave-SE-APT-A217-Bellevue-WA-98005
14,1.5,1.0,False,298000.0,1109.0,48898686,2129-Blarney-Pl-SE-Bellevue-WA-98004
15,,,True,13000000.0,,48924534,2011-168th-Ave-SE-Bellevue-WA-98008
16,3.0,5.0,False,699000.0,2459.0,49062368,4748-133rd-Ave-SE-Bellevue-WA-98006
17,2.75,3.0,False,959000.0,2680.0,48733789,13664-NE-37th-Pl-Bellevue-WA-98005
18,2.25,5.0,False,11800000.0,4220.0,48883639,1035-156th-Ave-NE-APT-24T-Bellevue-WA-98007
19,2.5,2.0,False,400000.0,1465.0,2101718751,2600-118th-Ave-SE-APT-4-302-Bellevue-WA-98005
20,2.0,2.0,False,255000.0,885.0,2101038749,5379-164th-Ave-SE-UNIT-11-6-Bellevue-WA-98006
21,2.0,2.0,False,380000.0,1154.0,48783975,15310-SE-38th-Pl-Bellevue-WA-98006
22,2.0,4.0,False,625000.0,1969.0,2101039071,16918-SE-34th-St-Bellevue-WA-98008
23,,,True,470000.0,,2101039079,16908-SE-34th-St-Bellevue-WA-98008
24,5.0,5.0,False,29000000,5211.0,2101039493,3950-Lake-Washington-Blvd-SE-D10-Bellevue-WA-98006
25,1.5,2.0,False,235000,880.0,49086584,17404-NE-14th-St-Bellevue-WA-98008
26,3.0,4.0,False,680000,1450.0,63339748,4106-Factoria-Blvd-SE-Bellevue-WA-98006
27,1.0,2.0,False,275000,898.0,2107123459,7358-171st-Ave-SE-Bellevue-WA-98006
28,4.0,5.0,False,15000000,4030.0,48856207,1733-172nd-Pl-NE-Bellevue-WA-98008
29,2.0,3.0,False,674000,1740.0,48873400,225-140th-Ave-NE-Bellevue-WA-98005
30,2.0,4.0,False,795000,2270.0,49002616,13121-NE-38th-Pl-Bellevue-WA-98005
32,7.0,5.0,False,16500000,13610.0,48674568,2431-139th-Ave-SE-Bellevue-WA-98005
34,,0.0,True,350000,,48785045,1320-142nd-Pl-SE-Bellevue-WA-98007
35,2.0,4.0,False,599000,1830.0,2127816355,12140-NE-24th-St-APT-102-Bellevue-WA-98005
36,2.5,3.0,False,540000,1723.0,49129856,15302-SE-46th-Way-Bellevue-WA-98006
37,2.5,4.0,False,675000,2687.0,48837761,1406-Bellevue-Way-NE-Bellevue-WA-98004
38,3.0,3.0,False,12000000,1710.0,48924080,6693-SE-Cougar-Mountain-Way-1-Bellevue-WA-98006
40,4.0,5.0,False,22500000,3826.0,2101067358,500-106th-Ave-NE-UNIT-3105-Bellevue-WA-98004
41,3.0,2.0,False,19000000,2121.0,48977014,16143-SE-Newport-Way-Bellevue-WA-98006
42,3.0,4.0,False,699000,2560.0,48683440,177-107th-Ave-NE-APT-1902-Bellevue-WA-98004
43,3.0,3.0,False,765000,1754.0,49141255,10261-NE-21st-Pl-Bellevue-WA-98004
44,2.5,5.0,False,15900000,2050.0,2101079308,10129-Main-Street-305-Bellevue-WA-98004
45,1.5,2.0,False,459000,1000.0,49014107,3264-112th-Ave-SE-Bellevue-WA-98004
46,1.75,3.0,False,17000000,1790.0,48682773,10201-SE-6th-St-Bellevue-WA-98004
48,,,False,,,49133201,3414-161st-Ct-SE-APT-18-Bellevue-WA-98008
49,2.0,2.0,False,375000,1286.0,48979051,5219-117th-Ave-SE-Bellevue-WA-98006
50,1.75,3.0,False,577000,1570.0,48756837,15620-SE-42nd-Pl-Bellevue-WA-98006
51,3.0,5.0,False,819000,3050.0,48691594,10319-SE-30th-St-Bellevue-WA-98004
52,5.25,4.0,False,55000000,6920.0,48770380,6927-128th-Pl-SE-Bellevue-WA-98006
53,2.5,3.0,False,579000,1670.0,49095062,13805-Main-St-Bellevue-WA-98005
54,1.75,4.0,False,875000,2120.0,2105858426,701-122nd-Ave-NE-Bellevue-WA-98005
55,1.75,2.0,False,290000,867.0,48680456,1223-96th-Ave-SE-Bellevue-WA-98004
56,3.0,5.0,False,49900000,4187.0,2101100062,12619-Se-42nd-Street-12524-Bellevue-WA-98006
57,2.25,3.0,False,309000,1396.0,48793499,162-128TH-Ave-NE-Bellevue-WA-98005
58,3.0,4.0,False,840000,2650.0,48923558,16910-SE-58th-St-Bellevue-WA-98006
59,4.0,4.0,False,20900000,5010.0,49105499,14424-SE-23rd-Pl-Bellevue-WA-98007
60,3.0,3.0,False,585000,1950.0,49091822,14630-NE-35th-St-Bellevue-WA-98007
61,1.5,2.0,False,238000,858.0,48770002,16930-SE-32nd-Pl-Bellevue-WA-98008
62,2.5,4.0,False,850000,2660.0,2101788877,538-99th-Ave-NE-Bellevue-WA-98004
63,3.5,3.0,False,17900000,2967.0,48850228,11052-SE-9th-St-Bellevue-WA-98004
64,3.0,4.0,False,798000,2690.0,48702724,948-178th-Ave-NE-Bellevue-WA-98008
65,2.75,4.0,False,849000,4110.0,92398709,16445-SE-44th-Pl-Bellevue-WA-98006
67,,,False,,,48914643,427-174th-Pl-NE-Bellevue-WA-98008
68,3.0,3.0,False,890000,2770.0,48914589,17256-NE-7th-Pl-Bellevue-WA-98008
69,2.75,4.0,False,850000,2610.0,48987622,2641-126th-Ave-NE-Bellevue-WA-98005
70,3.0,3.0,False,699000,2000.0,48894445,12430-NE-7th-Pl-Bellevue-WA-98005
71,2.5,3.0,False,525000,1450.0,2101124436,7089-171st-Ave-SE-Bellevue-WA-98006
72,5.0,5.0,False,22300000,5268.0,49030697,16790-SE-63rd-Pl-Bellevue-WA-98006
73,4.0,5.0,False,11900000,4350.0,49080128,5322-156th-Ave-SE-Bellevue-WA-98006
74,3.0,4.0,False,15700000,3685.0,48743478,15008-NE-16th-St-Bellevue-WA-98007
75,3.0,4.0,False,635000,2130.0,48988810,15623-NE-18th-St-D201-Bellevue-WA-98008
76,2.0,2.0,False,335000,1187.0,48865488,6216-108th-Ave-SE-Bellevue-WA-98006
77,2.0,3.0,False,485000,2000.0,48977036,16143-SE-42nd-St-Bellevue-WA-98006
78,2.0,3.0,False,569000,1513.0,48738213,3020-125th-Ave-SE-UNIT-8-Bellevue-WA-98005
79,2.0,2.0,False,218000,954.0,48980496,3540-Lake-Washington-Blvd-SE-APT-111-Bellevue-WA-98006
81,,,False,,,49015950,14616-NE-44th-St-APT-M11-Bellevue-WA-98007
82,2.0,2.0,False,225000,1086.0,48740097,5508-132nd-Ave-NE-Bellevue-WA-98005
83,2.5,4.0,False,14000000,3790.0,49037091,1418-W-Lake-Sammamish-Pkwy-NE-Bellevue-WA-98008
84,2.5,5.0,False,26000000,3800.0,48789767,4908-131st-Pl-SE-Bellevue-WA-98006
85,2.0,4.0,False,750000,2270.0,49085965,218-108th-Ave-SE-Bellevue-WA-98004
86,3.0,3.0,False,795000,2750.0,49063285,4467-146th-Ave-SE-Bellevue-WA-98006
87,2.5,3.0,False,635000,2.0,49053038,15809-SE-45th-Pl-Bellevue-WA-98006
88,3.25,4.0,False,12500000,4010.0,2101151297,10522-NE-32nd-Pl-Bellevue-WA-98004
89,1.75,2.0,False,290000,962.0,48746915,12627-SE-Coal-Creek-Pkwy-Bellevue-WA-98006
90,,3.0,True,25600000,2410.0,2101151816,14735-NE-31st-St-APT-C2-Bellevue-WA-98007
91,1.0,2.0,False,275000,1087.0,65229958,12621-SE-41st-Pl-APT-G101-Bellevue-WA-98006
92,2.0,2.0,False,226000,882.0,84756377,10610-NE-9th-Pl-UNIT-500-Bellevue-WA-98004
93,1.0,1.0,False,450000,683.0,49088260,4690-149th-Ave-SE-Bellevue-WA-98006
94,4.5,5.0,False,11800000,4075.0,49098790,16245-NE-12th-Ct-APT-G93-Bellevue-WA-98008
95,2.0,3.0,False,225000,1052.0,48856149,17224-NE-16th-Pl-Bellevue-WA-98008
96,3.0,4.0,False,12500000,3490.0,48913679,131-157th-Ave-NE-Bellevue-WA-98008
97,1.75,3.0,False,530000,1930.0,48683351,177-107th-Ave-NE-APT-907-Bellevue-WA-98004
98,2.0,3.0,False,549000,1222.0,48662883,16549-NE-27th-Pl-Bellevue-WA-98008
99,2.0,3.0,False,520000,1460.0,48749367,16217-SE-48th-St-Bellevue-WA-98006
101,,,False,,,48913292,15828-SE-5th-Pl-Bellevue-WA-98008
102,3.0,4.0,False,615000,2430.0,48937422,9632-Lake-Washington-Blvd-NE-Bellevue-WA-98004
103,5.0,4.0,False,66900000,7458.0,49141744,1702-126th-Ave-SE-Bellevue-WA-98005
104,3.0,5.0,False,825000,2830.0,48812227,5855-146th-Pl-SE-Bellevue-WA-98006
105,4.0,6.0,False,11800000,3910.0,2117537342,500-106th-Ave-NE-UNIT-907-Bellevue-WA-98004
106,2.0,1.0,False,569000,1043.0,2101166850,10522-NE-32nd-Pl-APT-J202-Bellevue-WA-98004
107,2.0,2.0,False,290000,962.0,48814672,5423-134th-Ave-SE-Bellevue-WA-98006
108,3.5,5.0,False,980000,3430.0,49035050,1274-167th-Ave-SE-Bellevue-WA-98008
109,2.75,4.0,False,749000,3210.0,48784090,4071-155th-Ave-SE-Bellevue-WA-98006
110,1.5,3.0,False,480000,1290.0,54902110,1100-106th-Ave-NE-APT-202-Bellevue-WA-98004
111,1.75,2.0,False,559000,1158.0,48865485,6322-108th-Ave-SE-Bellevue-WA-98006
112,3.5,4.0,False,15000000,3026.0,48777016,13825-SE-10th-St-Bellevue-WA-98005
113,4.0,5.0,False,22500000,4494.0,48924192,6549-SE-Cougar-Mountain-Way-Bellevue-WA-98006
114,2.0,2.0,False,385000,1138.0,48799536,3110-109th-Ave-SE-Bellevue-WA-98004
115,3.75,4.0,False,18500000,3392.0,48876351,4546-153rd-Ave-SE-Bellevue-WA-98006
116,2.75,3.0,False,700000,2640.0,49080707,9815-NE-30th-St-Bellevue-WA-98004
117,4.5,5.0,False,25000000,5230.0,48927632,4165-178th-Ln-SE-APT-104-Bellevue-WA-98008
118,2.0,2.0,False,330000,917.0,48913439,16231-NE-1st-St-Bellevue-WA-98008
119,4.0,8.0,False,880000,3800.0,49080824,9801-NE-24th-St-Bellevue-WA-98004
120,2.5,4.0,False,895000,2310.0,82363593,4515-125th-Ave-SE-APT-210-Bellevue-WA-98006
121,2.0,2.0,False,248000,1003.0,48915640,16564-SE-19th-St-Bellevue-WA-98008
122,2.5,5.0,False,750000,3200.0,48702761,17400-NE-12th-St-Bellevue-WA-98008
123,2.75,4.0,False,620000,1980.0,49059068,17206-SE-46th-St-Bellevue-WA-98006
124,2.5,4.0,False,935000,2553.0,2101195626,10650-NE-9th-Pl-UNIT-1128-Bellevue-WA-98004
125,1.0,1.0,False,580000,921.0,2101199692,10650-Ne-9th-Pl-UNIT-5209-Bellevue-WA-98004
126,1.0,1.0,False,399000,720.0,96703450,3115-113th-Ave-SE-Bellevue-WA-98004
127,,0.0,True,12000000,,2101204285,173-SE-42nd-Ct-Bellevue-WA-98006
128,,,True,525000,,48980409,12302-SE-47th-St-Bellevue-WA-98006
129,2.75,4.0,False,745000,2547.0,2101209147,500-106th-Ave-NE-UNIT-2213-Bellevue-WA-98004
130,1.5,1.0,False,725000,1368.0,2101212580,4106-Factoria-Blvd-SE-C111-Bellevue-WA-98006
131,1.0,1.0,False,187000,700.0,48683255,14605-NE-34th-St-H-1H1-Bellevue-WA-98007
132,2.0,3.0,False,196000,1062.0,2101220404,14405-NE-32nd-St-APT-K303-Bellevue-WA-98007
133,1.0,1.0,False,140000,686.0,48924147,6741-SE-Cougar-Mountain-Way-Bellevue-WA-98006
134,3.0,2.0,False,390000,1346.0,84755355,6326-170th-Pl-SE-Bellevue-WA-98006
135,8.0,6.0,False,31000000,8790.0,2101230274,172-SE-64th-Ct-Lots-1-7-Bellevue-WA-98006
136,,,True,10800000,,49128640,13817-SE-52nd-Pl-Bellevue-WA-98006
137,3.0,5.0,False,10000000,3400.0,49062383,4709-Somerset-Dr-SE-Bellevue-WA-98006
138,2.25,5.0,False,990000,2670.0,2101247761,670-156th-Ave-Ne-Bellevue-98007-Bellevue-WA-98007
139,1.0,2.0,False,290000,1047.0,58380798,10047-Main-St-APT-508-Bellevue-WA-98004
140,4.0,4.0,False,29000000,3821.0,2101261489,14707-44th-Place-Ne-Q7-Bellevue-WA-98007
141,1.75,2.0,False,239000,1051.0,49040419,17218-SE-42nd-Pl-Bellevue-WA-98006
143,,,False,298000,,49005665,15611-SE-24th-St-Bellevue-WA-98008
144,2.0,3.0,False,535000,1320.0,2129169844,5711-122nd-Pl-SE-APT-222-Bellevue-WA-98006
145,1.0,1.0,False,170000,663.0,48854809,12415-SE-4th-Pl-Bellevue-WA-98005
146,2.0,3.0,False,499000,1477.0,2101281366,15214-Ne-8th-Street-G-22-Bellevue-WA-98007
147,2.0,2.0,False,299000,1030.0,2101282824,15406-Ne-15th-Place-C-14-Bellevue-WA-98007
148,1.75,2.0,False,330000,895.0,49142213,2390-130th-Ave-SE-Bellevue-WA-98005
149,2.5,3.0,False,800000,2220.0,49000592,14424-SE-17th-St-Bellevue-WA-98007
150,5.0,4.0,False,13000000,4833.0,2101283612,15406-NE-15th-Pl-C-14-Bellevue-WA-98007
151,1.0,2.0,False,330000,895.0,49078656,10325-SE-16th-St-Bellevue-WA-98004
152,4.25,5.0,False,23500000,5087.0,48980666,6814-119th-Ave-SE-Bellevue-WA-98006
154,,,False,648000,,48978403,3-Glacier-Ky-Bellevue-WA-98006
155,3.0,4.0,False,14000000,2790.0,48783995,4025-151st-Ave-SE-Bellevue-WA-98006
156,3.25,4.0,False,575000,1900.0,48684024,16431-NE-19th-St-Bellevue-WA-98008
157,2.0,4.0,False,829000,3580.0,2101297174,16646-SE-42nd-Ln-L-1-Bellevue-WA-98006
158,4.0,4.0,False,10200000,3235.0,48979938,6327-121st-Pl-SE-Bellevue-WA-98006
159,1.5,4.0,False,420000,1550.0,48966657,9201-SE-Shoreland-Dr-Bellevue-WA-98004
161,2.0,3.0,False,557000,1760.0,72498875,11058-NE-33rd-Pl-B9-Bellevue-WA-98004
162,1.0,2.0,False,289000,842.0,48753651,1020-144th-Pl-SE-Bellevue-WA-98007
163,3.0,4.0,False,899000,3058.0,48885482,661-W-Lake-Sammamish-Pkwy-NE-Bellevue-WA-98008
164,3.75,6.0,False,930000,5120.0,49005474,2321-153rd-Ave-SE-Bellevue-WA-98007
165,1.0,3.0,False,598000,1600.0,49095057,13641-Main-St-Bellevue-WA-98005
166,4.0,5.0,False,16000000,4995.0,48979194,5309-125th-Ave-SE-Bellevue-WA-98006
167,4.0,4.0,False,708000,2840.0,68480504,650-Bellevue-Way-NE-UNIT-2007-Bellevue-WA-98004
168,1.75,2.0,False,285000,1115.0,48885505,246-W-Lake-Sammamish-Pkwy-SE-Bellevue-WA-98008
169,11.0,6.0,False,26900000,5965.0,2101332423,3029-127th-Pl-SE-APT-J11-Bellevue-WA-98005
170,1.0,1.0,False,165000,526.0,48702584,13818-NE-48TH-Pl-Bellevue-WA-98005
171,3.0,3.0,False,11400000,2980.0,49062772,4200-Factoria-Blvd-SE-APT-B8-Bellevue-WA-98006
172,1.0,2.0,False,,1041.0,49080709,9803-NE-30th-St-Bellevue-WA-98004
173,2.0,3.0,False,13800000,2350.0,48913612,15703-SE-4th-St-Bellevue-WA-98008
174,1.75,4.0,False,657000,2840.0,49035067,16639-SE-14th-St-Bellevue-WA-98008
175,3.0,4.0,False,550000,2110.0,49128995,3401-169th-Ave-NE-Bellevue-WA-98008
176,2.25,4.0,False,629000,2010.0,2101350621,111-108th-Ave-NE-UNIT-A303-Bellevue-WA-98004
177,1.0,1.0,False,315000,642.0,49000224,10020-NE-28th-Pl-Bellevue-WA-98004
178,4.0,5.0,False,25000000,4322.0,2101352702,500-106th-Ave-NE-UNIT-1705-Bellevue-WA-98004
179,1.75,2.0,False,850000,1570.0,48784529,3765-148th-Ave-SE-Bellevue-WA-98006
180,1.0,3.0,False,440000,1280.0,49113403,1028-Belfair-Rd-Bellevue-WA-98004
181,4.5,4.0,False,30000000,4180.0,48931595,16356-SE-40th-St-Bellevue-WA-98006
182,1.75,4.0,False,475000,2040.0,48788070,2804-140th-Ave-NE-Bellevue-WA-98005
183,3.0,5.0,False,15000000,4380.0,48980131,5721-122nd-Pl-SE-APT-208-Bellevue-WA-98006
184,1.0,1.0,False,168000,762.0,48685233,15875-NE-25th-Pl-Bellevue-WA-98008
185,2.75,4.0,False,10700000,3020.0,2123477342,14640-NE-32nd-St-APT-D4-Bellevue-WA-98007
186,1.5,2.0,False,249000,1000.0,48963018,2500-118th-Ave-SE-APT-16-203-Bellevue-WA-98005
187,2.0,2.0,False,242000,885.0,48914749,236-Northup-Way-Bellevue-WA-98008
188,4.0,3.0,False,948000,2900.0,48811514,17050-Northup-Way-APT-36-Bellevue-WA-98008
189,3.0,3.0,False,388000,1848.0,2101379175,500-106th-Ave-NE-UNIT-1501-Bellevue-WA-98004
190,3.0,2.0,False,999000,1857.0,48710073,624-129th-Pl-NE-Bellevue-WA-98005
191,2.5,5.0,False,925000,2960.0,48813310,5605-142nd-Ave-SE-Bellevue-WA-98006
193,,,False,11200000,,48724511,13545-NE-54th-Pl-Bellevue-WA-98005
194,3.5,4.0,False,11900000,3170.0,2101388900,3905-108th-Ave-NE-Bellevue-WA-98004
195,1.5,2.0,False,280000,1054.0,2101390915,5723-122nd-Ave-SE-APT-155-Bellevue-WA-98006
196,2.0,3.0,False,285000,1038.0,48845838,2680-139th-Ave-SE-APT-54-Bellevue-WA-98005
197,2.5,2.0,False,375000,1100.0,48713682,2612-W-Lake-Sammamish-Pkwy-SE-Bellevue-WA-98008
198,2.5,3.0,False,935000,2680.0,48845835,2680-139th-Ave-SE-APT-58-Bellevue-WA-98005
199,2.5,3.0,False,535000,2017.0,2137316006,5912-123rd-Ave-SE-Bellevue-WA-98006
200,2.0,3.0,False,240000,1105.0,48753707,14615-SE-8th-St-Bellevue-WA-98007
201,2.5,3.0,False,635000,2230.0,80110699,118-107th-Ave-NE-UNIT-B212-Bellevue-WA-98004
204,1.75,4.0,False,609000,1880.0,48966626,424-102nd-Ave-SE-APT-205-Bellevue-WA-98004
205,1.75,2.0,False,435000,1077.0,48683692,4121-145th-Ave-NE-4-Bellevue-WA-98007
206,2.5,2.0,False,315000,1308.0,48702757,17428-NE-12th-St-Bellevue-WA-98008
207,1.75,3.0,False,580000,1840.0,49068885,3012-163rd-Pl-SE-Bellevue-WA-98008
208,2.25,3.0,False,555000,2000.0,48740739,12840-SE-40th-Ct-APT-B3-Bellevue-WA-98006
209,2.0,2.0,False,271000,1061.0,2101418804,901-144th-Ave-NE-A2-Bellevue-WA-98007
210,1.5,2.0,False,310000,991.0,48691584,15-Enatai-Dr-Bellevue-WA-98004
211,3.0,3.0,False,34000000,3300.0,84759412,6800-132nd-Pl-SE-UNIT-E108-Newcastle-WA-98059
212,3.0,3.0,False,350000,1323.0,49031488,2118-108th-Ave-SE-Bellevue-WA-98004
213,4.0,4.0,False,19500000,4324.0,2101428144,4210-Factoria-Blvd-SE-APT-A10-Bellevue-WA-98006
214,1.0,1.0,False,228000,900.0,48718031,1231-112th-Ave-NE-Bellevue-WA-98004
215,,3.0,True,36000000,1760.0,48742086,3018-127th-Ave-NE-Bellevue-WA-98005
218,1.75,3.0,False,674000,2010.0,49014113,3220-113th-Ave-SE-Bellevue-WA-98004
219,4.0,4.0,False,13400000,3180.0,48912840,16422-SE-8th-St-Bellevue-WA-98008
220,2.0,3.0,False,450000,1250.0,48784997,14909-SE-45th-Pl-Bellevue-WA-98006
221,2.0,4.0,False,798000,3214.0,49141900,12115-SE-9th-Pl-Bellevue-WA-98005
222,1.75,3.0,False,695000,1940.0,72499573,430-Bellevue-Way-SE-APT-101-Bellevue-WA-98004
223,1.5,2.0,False,380000,857.0,2101457699,14633-Ne-31st-St-9B-Bellevue-WA-98007
224,,,False,270000,,48858484,1373-164th-Pl-NE-Bellevue-WA-98008
225,3.0,4.0,False,679000,2650.0,48663010,2007-168th-Ave-NE-Bellevue-WA-98008
226,4.0,4.0,False,529000,2130.0,49080775,9857-NE-27th-St-Bellevue-WA-98004
227,3.1,4.0,False,23000000,4170.0,80127718,13835-SE-10th-St-Bellevue-WA-98005
228,2.5,3.0,False,14500000,3910.0,48797894,6320-168TH-Pl-SE-Bellevue-WA-98006
229,11.0,6.0,False,25900000,6445.0,49055529,2403-161st-Ave-NE-Bellevue-WA-98008
230,1.5,3.0,False,530000,1940.0,58385938,2628-139th-Ave-SE-APT-13-Bellevue-WA-98005
232,,,False,804000,,2101483917,0-42nd-Pl-L-14-Bellevue-WA-98027
233,,,True,465000,,2101483918,0-42nd-Pl-L-13-Bellevue-WA-98027
234,,,True,475000,,2101483919,0-42nd-Pl-L-15-Bellevue-WA-98027
235,,,True,435000,,48966650,9232-SE-Shoreland-Dr-Bellevue-WA-98004
236,3.0,3.0,False,35000000,2450.0,58374881,1100-106th-Ave-NE-APT-801-Bellevue-WA-98004
237,1.0,,False,265000,485.0,82366465,3911-Lake-Washington-Blvd-SE-E-13-Bellevue-WA-98006
238,,,False,120000,32.0,82366047,3911-Lake-Washington-Blvd-SE-B-49-Bellevue-WA-98006
239,,,False,60000,27.0,82366295,3911-Lake-Washington-Blvd-SE-B-30-Bellevue-WA-98006
240,1.0,1.0,False,165000,652.0,72498692,11056-NE-33rd-Pl-APT-C3-Bellevue-WA-98004
241,1.0,2.0,False,375000,852.0,48927668,4152-178th-Ln-SE-APT-4-Bellevue-WA-98008
242,2.5,2.0,False,369000,1122.0,2126106305,1744-157th-Ave-NE-Bellevue-WA-98008
243,2.0,2.0,False,290000,1074.0,2101525160,14633-NE-31st-St-APT-B9-Bellevue-WA-98007
244,1.0,2.0,False,270000,934.0,48660027,1905-156th-Ave-SE-Bellevue-WA-98007
245,2.1,4.0,False,39500000,2720.0,49031509,1922-109th-Ave-SE-Bellevue-WA-98004
246,2.75,3.0,False,729000,2060.0,48727760,10711-NE-19th-Pl-Bellevue-WA-98004
247,3.25,4.0,False,15900000,2670.0,48659971,1911-156th-Ave-SE-Bellevue-WA-98007
248,,5.0,True,39500000,2190.0,2101544620,500-106th-Ave-NE-UNIT-1301-Bellevue-WA-98004
249,2.5,2.0,False,935000,1857.0,48794121,10605-SE-30th-St-Bellevue-WA-98004
250,4.0,4.0,False,22900000,4780.0,49080663,9825-NE-32nd-St-Bellevue-WA-98004
251,3.0,4.0,False,16800000,3820.0,49145676,11289-NE-37th-Pl-Bellevue-WA-98004
252,3.5,4.0,False,12900000,3240.0,2101556436,1019-156th-Ave-NE-APT-B5-Bellevue-WA-98007
253,1.5,2.0,False,230000,1024.0,49037119,1074-W-Lake-Sammamish-Pkwy-NE-Bellevue-WA-98008
254,2.5,3.0,False,975000,2460.0,49080752,9836-NE-28th-St-Bellevue-WA-98004
255,3.75,6.0,False,24800000,4719.0,48940456,2387-140th-Way-SE-Bellevue-WA-98007
256,4.0,4.0,False,891000,3390.0,48709316,1692-118th-Ave-SE-APT-A103-Bellevue-WA-98005
257,2.0,2.0,False,272000,1134.0,2101591401,333-101st-Ave-SE-Bellevue-WA-98004
258,1.75,2.0,False,685000,1560.0,2108648497,14650-NE-50th-Pl-APT-H4-Bellevue-WA-98007
259,1.75,2.0,False,233000,1056.0,48924204,6265-160th-Ave-SE-Bellevue-WA-98006
260,4.0,5.0,False,16400000,5010.0,48858539,1633-168th-Ave-NE-Bellevue-WA-98008
261,1.0,3.0,False,450000,1100.0,48913471,16246-NE-1st-St-Bellevue-WA-98008
262,1.5,3.0,False,520000,1.0,48914019,615-171st-Pl-NE-Bellevue-WA-98008
263,3.0,4.0,False,,1780.0,48923609,6053-167th-Ave-SE-Bellevue-WA-98006
264,4.5,5.0,False,22700000,6900.0,49069121,1820-154th-Ave-SE-Bellevue-WA-98007
265,1.5,3.0,False,589000,1250.0,49035081,16636-SE-15th-St-Bellevue-WA-98008
266,3.5,5.0,False,780000,3340.0,2101633729,178-Xx-Se-63rd-Pl-Bellevue-WA-98006
267,,0.0,True,27900000,,80127792,111-108th-Ave-NE-UNIT-A302-Bellevue-WA-98004
269,3.5,5.0,False,17700000,6050.0,49080163,15249-SE-59th-St-Bellevue-WA-98006
270,3.1,5.0,False,15000000,4695.0,48943757,17304-NE-18th-Pl-Bellevue-WA-98008
271,2.0,3.0,False,550000,1570.0,48775139,10222-NE-26th-St-Bellevue-WA-98004
272,5.0,5.0,False,29700000,5365.0,2101653883,670-156th-Ave-NE-Bellevue-WA-98007
273,1.5,2.0,False,290000,1047.0,49128658,13606-SE-53rd-Pl-Bellevue-WA-98006
274,3.0,4.0,False,848000,3700.0,2101658047,12533-SE-30th-St-Bellevue-WA-98005
275,1.5,2.0,False,300000,1003.0,49113505,9300-Vineyard-Crst-Bellevue-WA-98004
276,2.0,3.0,False,15800000,1710.0,48683504,952-100th-Ave-NE-41-Bellevue-WA-98004
277,1.0,1.0,False,330000,650.0,49059588,13725-SE-23rd-Ln-Bellevue-WA-98005
279,1.0,3.0,False,480000,1230.0,48661536,2629-106th-Ave-NE-Bellevue-WA-98004
280,2.5,4.0,False,16500000,2750.0,48854734,12926-SE-5th-Pl-Bellevue-WA-98005
281,4.0,3.0,False,795000,2420.0,49015851,4420-146th-Pl-NE-APT-P3-Bellevue-WA-98007
282,1.0,1.0,False,165000,803.0,2101700420,16711-SE-43rd-St-Bellevue-WA-98006
283,,0.0,True,789000,,48894469,12427-NE-7th-Pl-Bellevue-WA-98005
284,2.0,3.0,False,525000,1317.0,49088252,14915-SE-47th-Ct-Bellevue-WA-98006
285,2.5,4.0,False,608000,2230.0,48979113,12247-SE-55th-Pl-Bellevue-WA-98006
286,1.1,3.0,False,505000,1330.0,2101726020,1351-Xx-W-Lake-Sammamish-Pkwy-SE-Bellevue-WA-98008
287,,0.0,True,250000,,48774859,5812-Lake-Washington-Blvd-SE-Bellevue-WA-98006
288,3.0,3.0,False,575000,2190.0,122962768,4288-131st-Pl-SE-Bellevue-WA-98006
289,4.5,5.0,False,14500000,3680.0,49125691,6220-153rd-Ave-SE-Bellevue-WA-98006
290,4.0,4.0,False,16600000,5190.0,48749340,16312-SE-48th-St-Bellevue-WA-98006
291,2.5,4.0,False,680000,2180.0,49144406,6102-142nd-Ave-SE-Bellevue-WA-98006
293,1.75,4.0,False,762000,2260.0,2101767692,5528-142nd-Ave-SE-Bellevue-WA-98006
294,3.0,5.0,False,19000000,5200.0,2101770940,14611-NE-51st-St-F4-Bellevue-WA-98007
295,2.0,2.0,False,235000,1116.0,70578070,16783-SE-59th-St-Bellevue-WA-98006
296,6.0,5.0,False,18000000,6380.0,48873472,13730-Main-St-Bellevue-WA-98005
298,2.25,4.0,False,674000,2760.0,49088757,1065-185th-Ave-NE-Bellevue-WA-98008
299,4.0,5.0,False,900000,5030.0,2101787092,14630-Ne-32nd-Street-B-11-Bellevue-WA-98007
300,1.0,1.0,False,185000,684.0,48988686,2412-123rd-Ave-SE-Bellevue-WA-98005
301,3.0,4.0,False,860000,3100.0,48746907,13015-SE-46th-St-Bellevue-WA-98006
302,1.75,3.0,False,590000,1930.0,48675675,1616-103rd-Ave-SE-Bellevue-WA-98004
303,5.5,5.0,False,23800000,5200.0,2112061219,10925-NE-37th-Pl-APT-4-Bellevue-WA-98004
304,1.75,3.0,False,450000,1290.0,50881934,1102-Bellevue-Way-SE-APT-1-Bellevue-WA-98004
305,3.0,3.0,False,815000,2019.0,84759982,10610-NE-9th-Pl-UNIT-2409-Bellevue-WA-98004
306,2.0,2.0,False,12000000,1528.0,48975810,17121-NE-30th-Pl-Bellevue-WA-98008
307,3.0,4.0,False,600000,2240.0,66648746,16636-NE-30th-St-Bellevue-WA-98008
308,2.5,4.0,False,10100000,3140.0,49031512,1997-Bellevue-Way-SE-Bellevue-WA-98004
309,4.0,3.0,False,875000,3080.0,48781221,14905-SE-49th-St-Bellevue-WA-98006
310,2.75,4.0,False,725000,2600.0,48922323,4808-162nd-Pl-SE-Bellevue-WA-98006
311,2.5,4.0,False,14000000,3800.0,68476751,3214-113th-Ave-SE-Bellevue-WA-98004
312,4.5,8.0,False,850000,3830.0,48913743,15656-Main-St-Bellevue-WA-98008
313,2.75,4.0,False,649000,2700.0,48675668,1124-Bellevue-Way-SE-Bellevue-WA-98004
314,1.0,3.0,False,949000,700.0,2105629501,10700-NE-4th-St-UNIT-2312-Bellevue-WA-98004
315,2.0,2.0,False,900000,1582.0,48662813,2405-166th-Ave-NE-Bellevue-WA-98008
316,2.0,3.0,False,510000,1730.0,49105505,1840-145th-Pl-SE-Bellevue-WA-98007
317,3.25,5.0,False,14500000,3452.0,68477919,650-Bellevue-Way-NE-UNIT-2903-Bellevue-WA-98004
318,2.0,2.0,False,14000000,1729.0,48683616,10205-NE-24th-St-Bellevue-WA-98004
319,2.75,3.0,False,860000,2700.0,2101917061,1750-152nd-Ave-NE-APT-C205-Bellevue-WA-98007
320,1.0,1.0,False,150000,744.0,68474300,2398-140th-Way-SE-Bellevue-WA-98007
321,3.0,3.0,False,950000,4318.0,72495848,514-142nd-Ave-SE-APT-98-Bellevue-WA-98007
322,2.0,3.0,False,317000,1180.0,48702630,1004-176th-Ave-NE-Bellevue-WA-98008
323,4.0,4.0,False,635000,1915.0,2101929391,700-702-143rd-Pl-Se-Bellevue-WA-98007
324,2.0,4.0,False,550000,1800.0,48978340,43-Skagit-Ky-Bellevue-WA-98006
325,3.5,4.0,False,24500000,4480.0,48912936,16633-SE-9th-St-Bellevue-WA-98008
326,1.5,3.0,False,675000,1290.0,48785943,6357-114th-Ave-SE-Bellevue-WA-98006
327,2.0,3.0,False,549000,1590.0,48931510,3100-168th-Pl-SE-Bellevue-WA-98008
328,2.5,4.0,False,800000,2211.0,49068722,2538-166th-Ave-SE-Bellevue-WA-98008
329,2.0,3.0,False,575000,1400.0,49000249,10023-NE-29th-Pl-Bellevue-WA-98004
330,4.0,5.0,False,24000000,4543.0,48955755,12911-SE-29th-Pl-Bellevue-WA-98005
331,2.5,4.0,False,690000,2600.0,48923957,5502-173rd-Ave-SE-Bellevue-WA-98006
332,4.0,5.0,False,14500000,5290.0,49141296,10020-NE-22nd-St-Bellevue-WA-98004
333,3.1,4.0,False,19000000,4700.0,48713710,3339-166th-Pl-SE-Bellevue-WA-98008
334,2.5,3.0,False,999000,2430.0,48817646,1457-156th-Ave-NE-Bellevue-WA-98007
335,2.0,0.0,False,15000000,1890.0,2102018137,15516-NE-15th-Pl-Bellevue-WA-98007
337,2.5,4.0,False,921000,3130.0,2117495934,10650-NE-9th-Pl-UNIT-1625-Bellevue-WA-98004
338,1.0,1.0,False,679000,1063.0,48821566,14430-NE-14th-St-Bellevue-WA-98007
339,4.0,4.0,False,750000,2514.0,2146476282,5301-164th-Ave-SE-Bellevue-WA-98006
340,2.5,3.0,False,500000,2200.0,2102536224,704-136th-Pl-NE-APT-D2-Bellevue-WA-98005
342,2.5,4.0,False,934000,3100.0,48837779,10990-NE-12th-St-Bellevue-WA-98004
343,2.5,4.0,False,20000000,2660.0,49142448,13020-SE-21st-Pl-Bellevue-WA-98005
345,1.75,5.0,False,601000,2080.0,49062750,14208-SE-52nd-Pl-Bellevue-WA-98006
347,2.0,2.0,False,14000000,1675.0,2135757761,3200-130th-Ave-NE-Bellevue-WA-98005
348,,4.0,True,23500000,4130.0,2120338687,10650-NE-9th-Pl-UNIT-723-Bellevue-WA-98004
349,1.0,1.0,False,615000,967.0,48908731,16552-SE-28th-St-Bellevue-WA-98008
350,2.5,4.0,False,950000,3000.0,2102248740,7-96th-Ave-SE-Bellevue-WA-98005
353,2.0,2.0,False,295000,1187.0,54831650,6439-166th-Pl-SE-Bellevue-WA-98006
355,2.5,4.0,False,811000,2470.0,48675652,10463-SE-14th-St-Bellevue-WA-98004
356,1.5,3.0,False,875000,1780.0,48683313,177-107th-Ave-NE-APT-708-Bellevue-WA-98004
357,1.0,2.0,False,380000,976.0,84761312,10610-NE-9th-Pl-UNIT-1607-Bellevue-WA-98004
358,2.0,2.0,False,988000,1539.0,58380784,10047-Main-St-APT-316-Bellevue-WA-98004
359,2.0,1.0,False,443000,910.0,48682737,10417-NE-17th-St-Bellevue-WA-98004
360,1.5,2.0,False,229000,886.0,48691453,3119-108th-Ave-SE-Bellevue-WA-98004
361,4.0,5.0,False,16800000,3822.0,49080706,9823-NE-30th-St-Bellevue-WA-98004
363,2.5,4.0,False,841000,3330.0,48970813,675-Shoreland-Dr-SE-Bellevue-WA-98004
365,2.75,4.0,False,11200000,2680.0,48980760,12619-SE-42nd-St-621-Bellevue-WA-98006
366,1.0,2.0,False,175000,1027.0,48772500,11706-SE-60th-Pl-Bellevue-WA-98006
367,2.5,4.0,False,884000,2625.0,2102414519,16160-SE-45th-St-Bellevue-WA-98006
368,,,True,800000,,48966576,550-98th-Ave-SE-Bellevue-WA-98004
369,4.0,5.0,False,25000000,5831.0,89210906,10700-NE-4th-St-UNIT-2806-Bellevue-WA-98004
371,2.25,3.0,False,615000,1940.0,89820791,315-Bellevue-Way-SE-Bellevue-WA-98004
372,3.0,3.0,False,12200000,2211.0,63337335,2680-118th-Ave-SE-Bellevue-WA-98005
373,,2.0,False,229000,1015.0,49133202,3422-161st-Ct-SE-APT-19-Bellevue-WA-98008
374,1.75,2.0,False,380000,1720.0,2115864769,10610-NE-9th-Pl-UNIT-401-Bellevue-WA-98004
376,1.75,5.0,False,545000,1560.0,48870751,1735-112th-Ave-NE-Bellevue-WA-98004
377,2.0,2.0,False,865000,1420.0,49120888,17009-SE-14th-Ln-Bellevue-WA-98008
378,3.25,5.0,False,100000,3143.0,96677026,16122-SE-42ND-St-Bellevue-WA-98006
379,,,True,10000000,,49107392,10020-NE-30th-Pl-Bellevue-WA-98004
380,2.0,3.0,False,13500000,1950.0,89210736,10700-NE-4th-St-UNIT-2802-Bellevue-WA-98004
381,2.0,2.0,False,12200000,2120.0,48924254,6177-162nd-Pl-SE-Bellevue-WA-98006
382,5.0,5.0,False,14000000,4910.0,49120917,1846-W-Lake-Sammamish-Pkwy-SE-Bellevue-WA-98008
383,6.0,5.0,False,64500000,9300.0,2102866532,17160-SE-54th-Pl-Bellevue-WA-98006
385,1.5,4.0,False,507000,1420.0,68477970,650-Bellevue-Way-NE-UNIT-3902-Bellevue-WA-98004
386,2.0,2.0,False,15500000,1629.0,84759667,10610-NE-9th-Pl-UNIT-1201-Bellevue-WA-98004
387,1.0,1.0,False,490000,667.0,49080987,6584-156th-Ave-SE-Bellevue-WA-98006
388,3.5,4.0,False,14000000,4030.0,2103025892,45-Somerset-Blvd-SE-Bellevue-WA-98006
389,,0.0,True,575000,,2103045693,14520-Ne-44th-St-K5-Bellevue-WA-98007
390,2.0,2.0,False,260000,1051.0,48794150,3151-108th-Ave-SE-Bellevue-WA-98004
392,1.0,3.0,False,473000,1270.0,49031562,14611-NE-3rd-St-APT-1-Bellevue-WA-98007
393,2.5,3.0,False,from 245000,1761.0,2106923531,17900-SE-60th-St-Bellevue-WA-98006
394,,0.0,True,995000,,2108600788,0-Undisclosed-Bellevue-WA-98004
395,7.0,5.0,False,16500000,13610.0,49043794,3110-W-Lake-Sammamish-Pkwy-SE-APT-7-Bellevue-WA-98008
396,2.5,2.0,False,11200000,2150.0,89209368,10700-NE-4th-St-UNIT-3716-Bellevue-WA-98004
398,2.5,4.0,False,798000,2670.0,48937377,529-98th-Ave-NE-Bellevue-WA-98004
399,4.0,5.0,False,31000000,4740.0,58380789,10047-Main-St-APT-412-Bellevue-WA-98004
400,2.0,3.0,False,100000,1675.0,48944552,1430-102nd-Ave-NE-Bellevue-WA-98004
401,2.5,3.0,False,22000000,2600.0,48927629,4165-178th-Ln-SE-APT-101-Bellevue-WA-98008
402,2.0,3.0,False,290000,1116.0,84756223,10610-NE-9th-Pl-UNIT-503-Bellevue-WA-98004
403,1.0,1.0,False,495000,640.0,96691685,9426-Lake-Washington-Blvd-NE-Bellevue-WA-98004
406,3.5,4.0,False,886000,2530.0,48899035,5808-111th-Ave-SE-Bellevue-WA-98006
407,2.75,5.0,False,12500000,3490.0,2103503339,7122-171st-Ave-SE-Bellevue-WA-98006
408,2.5,3.0,False,19000000,2800.0,49127849,2155-120th-Pl-SE-Bellevue-WA-98005
413,1.75,4.0,False,535000,1660.0,2103899373,17901-SE-60th-St-Bellevue-WA-98006
414,,0.0,True,295000,,48683335,177-107th-Ave-NE-APT-810-Bellevue-WA-98004
415,1.5,2.0,False,544000,1095.0,48746905,4256-Lake-Washington-Blvd-SE-Bellevue-WA-98006
417,2.75,3.0,False,823000,2960.0,48813296,5312-143rd-Ave-SE-Bellevue-WA-98006
418,3.0,4.0,False,14000000,3900.0,49080990,6554-156th-Ave-SE-Bellevue-WA-98006
419,4.5,6.0,False,14000000,4230.0,48914457,433-155th-Ave-SE-Bellevue-WA-98007
421,2.0,4.0,False,683000,1990.0,48956816,11410-NE-20TH-St-Bellevue-WA-98004
422,,0.0,True,730000,1660.0,48966661,355-Shoreland-Dr-SE-Bellevue-WA-98004
423,4.75,4.0,False,43900000,6500.0,48683476,177-107th-Ave-NE-APT-2403-Bellevue-WA-98004
427,1.75,3.0,False,527000,1850.0,2104779801,7152-171st-Ave-SE-Bellevue-WA-98006
428,3.5,4.0,False,13700000,4030.0,108824824,1800-134th-Pl-SE-Bellevue-WA-98005
429,3.5,5.0,False,30000000,4920.0,2104884476,10650-NE-9th-Pl-UNIT-2224-Bellevue-WA-98004
430,2.0,2.0,False,10300000,1441.0,84756191,10610-NE-9th-Pl-Bellevue-WA-98004
431,1.0,1.0,False,432000,788.0,84756782,10610-NE-9th-Pl-Bellevue-WA-98004
432,4.0,2.0,False,40000000,6750.0,2105090608,10650-NE-9th-Pl-UNIT-523-Bellevue-WA-98004
433,1.0,1.0,False,545000,1075.0,2105266341,17258-SE-64th-Ct-LOT-1-Bellevue-WA-98006
434,,0.0,True,18000000,,2105266342,17138-SE-64th-Ct-LOT-5-Bellevue-WA-98006
435,,0.0,True,13000000,,2105266344,17243-SE-64th-Ct-LOT-2-Bellevue-WA-98006
436,,0.0,True,17000000,,2105266340,17168-SE-64th-Ct-LOT-6-Bellevue-WA-98006
437,,0.0,True,15500000,,2105266345,17143-SE-64th-Ct-LOT-4-Bellevue-WA-98006
439,2.0,2.0,False,241000,1080.0,49062675,14318-SE-49th-St-Bellevue-WA-98006
441,2.25,5.0,False,568000,1960.0,58385508,6754-161st-Ave-SE-UNIT-B-Bellevue-WA-98006
442,2.5,2.0,False,489000,2094.0,48937434,535-97th-Ave-NE-Bellevue-WA-98004
443,4.5,5.0,False,29900000,4060.0,2121716002,14535-NE-32nd-St-APT-F105-Bellevue-WA-98007
444,1.0,1.0,False,115000,680.0,2105501553,2837-140th-Ave-NE-Bellevue-WA-98005
446,2.5,4.0,False,13200000,3620.0,48912647,1215-158th-Ave-SE-Bellevue-WA-98008
451,1.0,2.0,False,237000,924.0,48977500,1420-Bellevue-Way-SE-APT-11-Bellevue-WA-98004
452,1.5,2.0,False,420000,1140.0,48827646,13406-NE-32ND-Ln-Bellevue-WA-98005
453,3.75,5.0,False,16000000,4240.0,2107135146,1613-W-Lake-Sammamish-Pkwy-SE-Bellevue-WA-98006
454,,,True,190000,,2107135143,16-W-Lake-Sammamish-Pkwy-SE-Bellevue-WA-98006
456,1.0,2.0,False,405000,832.0,48898708,10428-SE-23rd-St-Bellevue-WA-98004
457,3.0,3.0,False,13000000,2900.0,48978725,11821-SE-67th-Pl-Bellevue-WA-98006
458,2.75,4.0,False,620000,2270.0,48850235,11015-SE-9th-St-Bellevue-WA-98004
459,2.0,3.0,False,815000,1569.0,48781201,4953-145th-Ave-SE-Bellevue-WA-98006
460,3.5,5.0,False,935000,3250.0,2108477496,2457-Kamber-Rd-Bellevue-WA-98007
461,,0.0,True,65000000,,48661525,2423-105th-Ave-NE-Bellevue-WA-98004
463,2.75,2.0,False,877000,2760.0,49095163,17214-SE-29th-Ct-Bellevue-WA-98008
464,2.5,4.0,False,50000000,3330.0,48752876,13127-NE-31st-Pl-Bellevue-WA-98005
469,2.5,3.0,False,19000000,3080.0,48815103,13858-SE-62nd-St-Bellevue-WA-98006
470,3.25,4.0,False,12900000,3370.0,48662940,2244-168th-Ave-NE-Bellevue-WA-98008
471,2.0,3.0,False,520000,1400.0,48821557,14426-NE-16th-Pl-Bellevue-WA-98007
472,3.5,7.0,False,13000000,4060.0,48713708,3006-W-Lake-Sammamish-Pkwy-SE-Bellevue-WA-98008
473,2.5,4.0,False,975000,3030.0,48827362,705-136th-Pl-NE-A-9A9-Bellevue-WA-98005
474,2.0,2.0,False,244000,1167.0,48675721,1431-108th-Ave-SE-Bellevue-WA-98004
475,2.0,5.0,False,10900000,2700.0,48912464,11639-SE-48th-St-Bellevue-WA-98006
476,1.75,3.0,False,482000,1820.0,48924021,5800-158th-Ave-SE-Bellevue-WA-98006
477,4.25,6.0,False,17000000,5200.0,49145014,2321-129th-Ave-SE-Bellevue-WA-98005
478,2.0,3.0,False,700000,1590.0,48719774,10001-NE-12th-St-APT-104-Bellevue-WA-98004
479,2.5,3.0,False,511000,1578.0,49106681,19-168th-Ave-NE-Bellevue-WA-98008
