,bath,bed,isVavcantLand,price,sqft,zpid,address
0,2.0,2.0,False,515000.0,900.0,49053959,601-Belmont-Ave-E-APT-E5-Seattle-WA-98102
1,1.0,1.0,False,450000.0,806.0,71551381,1610-Belmont-Ave-Seattle-WA-98122
2,2.0,2.0,False,515000.0,900.0,48708132,116-11th-Ave-E-APT-202-Seattle-WA-98102
3,1.75,2.0,False,428000.0,1045.0,48657902,505-E-Denny-Way-A405-Seattle-WA-98122
4,1.0,1.0,False,250000.0,548.0,2101029786,513-20th-Ave-E-C-Seattle-WA-98112
5,2.0,3.0,False,850000.0,1607.0,2101031506,1140-10th-Ave-E-A-Seattle-WA-98102
6,3.0,2.0,False,940000.0,1900.0,2101031502,1146-10th-Ave-E-A-Seattle-WA-98102
7,3.0,3.0,False,900000.0,1775.0,2109644889,626-13th-Ave-E-APT-L-Seattle-WA-98102
8,1.0,2.0,False,349000.0,790.0,88877079,530-Broadway-E-APT-134-Seattle-WA-98102
9,2.5,2.0,False,540000.0,1172.0,2101041132,227-B-23rd-Ave-E-Seattle-WA-98112
10,2.0,3.0,False,700000.0,1460.0,48725575,927-20th-Ave-E-Seattle-WA-98112
11,4.25,6.0,False,19000000.0,3320.0,65227536,1640-18th-Ave-APT-3-Seattle-WA-98122
12,1.0,1.0,False,310000.0,533.0,48710255,1950-15th-Ave-E-Seattle-WA-98112
13,4.0,4.0,False,16500000.0,3450.0,66109176,1813-13th-Ave-A-Seattle-WA-98122
14,3.5,3.0,False,10000000.0,1890.0,48684991,710-Belmont-Pl-E-APT-308-Seattle-WA-98102
15,1.0,1.0,False,380000.0,834.0,48976178,1208-E-Thomas-St-Seattle-WA-98102
16,1.75,4.0,False,775000.0,1950.0,67684943,200-17th-Ave-E-Seattle-WA-98112
17,1.0,1.0,False,395000.0,713.0,88876063,752-Bellevue-Ave-E-APT-308-Seattle-WA-98102
18,2.0,2.0,False,350000.0,692.0,48782487,1019-Belmont-Pl-E-Seattle-WA-98102
19,2.5,5.0,False,17300000.0,4930.0,2121744047,1185-Broadway-E-Seattle-WA-98102
20,1.75,3.0,False,26500000.0,2363.0,2101164072,1185-Broadway-E-UNIT-PH7-Seattle-WA-98102
21,2.0,3.0,False,26500000.0,2363.0,49097931,111-14th-Ave-E-APT-E-Seattle-WA-98112
22,1.0,1.0,False,398000.0,788.0,2111529332,1818-18th-Ave-APT-303-Seattle-WA-98122
23,1.0,1.0,False,339000.0,747.0,2101186913,125-16th-Ave-E-Seattle-WA-98112
24,1.0,1.0,False,367000.0,589.0,48724913,711-12th-Ave-E-Seattle-WA-98102
25,3.0,7.0,False,990000.0,2280.0,82365995,1408-12th-Ave-UNIT-508-Seattle-WA-98122
27,,,False,896000.0,,48657961,506-E-Howell-St-APT-E305-Seattle-WA-98122
28,1.0,1.0,False,315000.0,546.0,63335596,941-11th-Ave-E-Seattle-WA-98102
29,2.0,2.0,False,11500000.0,2121.0,72495182,1125-E-Olive-St-APT-502-Seattle-WA-98122
30,2.0,2.0,False,600000.0,910.0,82363915,1408-12th-Ave-UNIT-502-Seattle-WA-98122
31,1.0,1.0,False,600000.0,821.0,82364725,1408-12th-Ave-UNIT-307-Seattle-WA-98122
32,1.0,1.0,False,425000.0,677.0,48826207,411-Boylston-Ave-E-Seattle-WA-98102
33,1.0,0.0,False,230000.0,502.0,89208540,1111-E-Pike-St-APT-602-Seattle-WA-98122
34,1.0,1.0,False,415000.0,667.0,48976127,109-11th-Ave-E-Seattle-WA-98102
35,3.0,3.0,False,11200000.0,2710.0,82364821,1707-Boylston-Ave-APT-209-Seattle-WA-98122
36,1.0,2.0,False,425000.0,817.0,48826190,411-Boylston-Ave-E-APT-108-Seattle-WA-98102
37,1.0,0.0,False,189000.0,502.0,48725241,1153-17th-Ave-E-Seattle-WA-98112
38,3.1,5.0,False,16000000.0,2160.0,79520310,400-Melrose-Ave-E-APT-607-Seattle-WA-98102
39,1.0,1.0,False,345000.0,818.0,48819603,232-Belmont-Ave-E-APT-303-Seattle-WA-98102
40,1.5,1.0,False,430000.0,835.0,48976103,1110-E-Denny-Way-Seattle-WA-98122
41,2.5,5.0,False,14500000.0,3080.0,48725066,902-17th-Ave-E-Seattle-WA-98112
42,4.1,8.0,False,22500000.0,7549.0,2101679502,1175-Broadway-E-UNIT-D-6-Seattle-WA-98102
43,2.25,2.0,False,18500000.0,2007.0,48790019,1819-17th-Ave-APT-1-Seattle-WA-98122
44,1.0,1.0,False,350000.0,623.0,48989106,730-Belmont-Ave-E-APT-1-Seattle-WA-98102
45,1.0,2.0,False,825000.0,1333.0,68478240,1711-E-Olive-Way-APT-501-Seattle-WA-98102
46,1.0,1.0,False,450000.0,619.0,48754792,131-Bellevue-Ave-E-APT-401-Seattle-WA-98102
47,2.0,2.0,False,550000.0,1054.0,48818955,955-10th-Ave-E-Seattle-WA-98102
48,3.0,2.0,False,949000.0,1400.0,96698419,812-E-Blaine-St-Seattle-WA-98102
49,2.0,2.0,False,11000000.0,1750.0,48819627,232-Belmont-Ave-E-APT-606-Seattle-WA-98102
50,2.0,2.0,False,675000.0,1136.0,2124190651,1410-E-Pine-St-UNIT-W324-Seattle-WA-98122
51,1.75,2.0,False,450000.0,888.0,48930203,1811-E-Mercer-St-Seattle-WA-98112
52,2.0,4.0,False,899000.0,2580.0,58386475,215-20th-Ave-E-APT-104-Seattle-WA-98112
53,2.0,2.0,False,550000.0,951.0,67685683,1420-E-Pine-St-UNIT-710-Seattle-WA-98122
54,1.0,1.0,False,400000.0,698.0,48871559,1000-E-Garfield-St-Seattle-WA-98102
55,11.0,6.0,False,27500000.0,10160.0,65229180,1804-15th-Ave-A-Seattle-WA-98122
56,3.25,3.0,False,11000000.0,1630.0,88876049,1114-Lakeview-Blvd-E-APT-B-Seattle-WA-98102
57,3.0,2.0,False,785000.0,1670.0,2110508023,1550-Lakeview-Blvd-E-Seattle-WA-98102
58,,0.0,True,350000.0,,118557153,730-Boylston-Ave-E-APT-A-Seattle-WA-98102
59,3.5,4.0,False,16500000.0,2860.0,48725484,1103-20th-Ave-E-Seattle-WA-98112
60,3.25,5.0,False,16500000.0,3520.0,48821223,516-E-Thomas-St-APT-304-Seattle-WA-98102
61,1.0,1.0,False,400000.0,600.0,2103548570,505-E-Denny-Way-APT-207-Seattle-WA-98122
62,1.0,1.0,False,300000.0,501.0,2103690552,1614-Summit-Ave-S-505-Seattle-WA-98122
63,1.0,1.0,False,300000.0,445.0,48926974,505-Belmont-Ave-E-APT-1002-Seattle-WA-98102
64,1.0,1.0,False,474000.0,720.0,49072197,404-E-Harrison-St-APT-201-Seattle-WA-98102
65,1.0,1.0,False,226000.0,586.0,2104616497,1708-14th-Ave-Seattle-WA-98122
66,2.5,2.0,False,800000.0,1390.0,48725511,1217-24th-Ave-E-Seattle-WA-98112
67,1.0,2.0,False,500000.0,1040.0,48657101,1610-Lakeview-Blvd-E-Seattle-WA-98102
68,2.75,3.0,False,715000.0,2180.0,52423404,215-20th-Ave-E-APT-301-Seattle-WA-98112
69,2.0,2.0,False,430000.0,948.0,2115164676,325-Harvard-Ave-E-APT-301-Seattle-WA-98102
70,1.0,0.0,False,245000.0,490.0,108801719,1802-E-John-St-Seattle-WA-98112
71,2.0,2.0,False,750000.0,1504.0,2126244921,1812-19th-Ave-APT-305-Seattle-WA-98122
72,1.5,2.0,False,274000.0,710.0,82363926,756-Broadway-E-APT-104-Seattle-WA-98102
73,,,False,30200000.0,11835.0,48724918,712-11th-Ave-E-Seattle-WA-98102
