,bath,bed,isVavcantLand,price,sqft,zpid,address
0,3.0,4.0,False,515000,3300.0,48969100,2630-S-226th-St-APT-C101-Des-Moines-WA-98198
1,1.0,2.0,False,120000,1075.0,49067026,21203-4th-Ave-S-Des-Moines-WA-98198
3,3.0,4.0,False,505000,2950.0,58381044,620-S-227th-St-APT-102-Des-Moines-WA-98198
5,2.5,3.0,False,505000,3160.0,48705880,1815-S-266th-Pl-Des-Moines-WA-98198
6,3.0,3.0,False,155000,1400.0,65228064,1936-S-240th-St-Des-Moines-WA-98198
8,,,False,,,48650140,22700-28th-Ave-S-APT-201-Des-Moines-WA-98198
9,2.0,2.0,False,117000,1138.0,48879835,24811-9th-Pl-S-Des-Moines-WA-98198
11,3.5,3.0,False,510000,3317.0,49141461,26920-13th-Ave-S-Des-Moines-WA-98198
12,3.0,4.0,False,450000,2600.0,48745936,2438-S-226th-St-Des-Moines-WA-98198
13,2.0,5.0,False,340000,2170.0,58387639,516-S-222nd-St-APT-7-Des-Moines-WA-98198
14,2.0,3.0,False,600000,1870.0,48747218,22211-Cliff-Ave-S-APT-104-Des-Moines-WA-98198
15,2.0,2.0,False,389000,1385.0,48705836,1604-S-268th-St-Des-Moines-WA-98198
18,2.25,4.0,False,,1820.0,49027848,22418-15th-Ave-S-Des-Moines-WA-98198
20,,,False,,,48650153,22700-28th-Ave-S-APT-303-Des-Moines-WA-98198
21,1.5,2.0,False,140000,1240.0,48772993,21261-14th-Ave-S-Des-Moines-WA-98198
22,1.75,4.0,False,305000,2040.0,2101202799,26108-21st-Ct-S-Des-Moines-WA-98198
23,3.0,4.0,False,315000,1901.0,49091620,23008-16th-Ave-S-Des-Moines-WA-98198
24,,0.0,True,87000,,2102203995,27733-10th-Ave-S-Des-Moines-WA-98198
25,,0.0,True,120000,,96663153,1515-S-222ND-St-Des-Moines-WA-98198
26,3.0,4.0,False,505000,2475.0,96690466,1509-S-222ND-St-Des-Moines-WA-98198
27,3.0,4.0,False,545000,2740.0,82363656,22831-30th-Ave-S-APT-306-Des-Moines-WA-98198
29,,,False,175000,,48674919,28819-Redondo-Shores-Dr-S-Des-Moines-WA-98198
31,1.5,4.0,False,279000,1740.0,117650082,2143-S-262nd-Ct-Des-Moines-WA-98198
32,2.5,3.0,False,300000,1511.0,48678514,24805-19th-Pl-S-Des-Moines-WA-98198
33,2.0,6.0,False,335000,2080.0,48944929,24301-17th-Ave-S-Des-Moines-WA-98198
34,2.0,4.0,False,280000,1740.0,2101337336,26425-8th-Ave-S-Des-Moines-WA-98198
35,,,True,399000,,61767361,27808-16th-Pl-S-Des-Moines-WA-98198
36,2.5,4.0,False,290000,1690.0,2101364177,26029-16th-Ct-S-Des-Moines-WA-98198
37,4.0,4.0,False,554000,3317.0,48953765,1019-S-197th-St-Des-Moines-WA-98148
38,1.0,4.0,False,290000,1270.0,49021147,913-S-278th-Pl-Des-Moines-WA-98198
39,4.0,5.0,False,26000000,7175.0,49067020,133-S-212th-St-Des-Moines-WA-98198
40,3.0,4.0,False,825000,3000.0,48944942,1733-S-244th-St-Des-Moines-WA-98198
42,,,False,224000,,49042328,26119-14th-Pl-S-Des-Moines-WA-98198
43,2.0,4.0,False,309000,1890.0,65221924,26917-9th-Ave-S-Des-Moines-WA-98198
44,4.0,5.0,False,599000,2480.0,2102536081,22518-13th-Ave-S-Des-Moines-WA-98198
45,,0.0,True,85000,,48879500,914-S-248th-St-APT-12-Des-Moines-WA-98198
46,1.75,2.0,False,200000,1500.0,49067146,20919-3rd-Ave-S-Des-Moines-WA-98198
47,2.5,3.0,False,425000,2364.0,96693332,20710-11TH-Ave-S-Des-Moines-WA-98198
48,1.0,2.0,False,60000,983.0,65228042,23803-20th-Ave-S-Des-Moines-WA-98198
49,3.0,2.0,False,260000,1560.0,49070853,21925-7th-Ave-S-APT-120-Des-Moines-WA-98198
50,2.0,2.0,False,127000,944.0,49013262,25818-15th-Ave-S-Des-Moines-WA-98198
52,,0.0,True,900000,,48809775,24718-14th-Ave-S-Des-Moines-WA-98198
53,1.0,4.0,False,246000,1300.0,2106917984,22205-16th-Ave-S-LOT-2-Des-Moines-WA-98198
54,,0.0,True,125000,,49141465,1405-S-268th-St-Des-Moines-WA-98198
55,1.0,3.0,False,339000,1080.0,2101512429,28313-Redondo-Way-S-210-Des-Moines-WA-98198
56,1.75,3.0,False,350000,1687.0,48674912,28869-Redondo-Shores-Dr-S-Des-Moines-WA-98198
57,3.0,2.0,False,420000,1690.0,68016381,22612-6th-Ave-S-APT-11-Des-Moines-WA-98198
58,1.0,2.0,False,180000,729.0,48951412,601-S-227th-St-APT-411S-Des-Moines-WA-98198
59,2.0,2.0,False,330000,1175.0,49013725,2002-S-243rd-St-Des-Moines-WA-98198
60,1.0,3.0,False,188000,1190.0,49066596,20603-1st-Pl-S-Des-Moines-WA-98198
62,1.5,3.0,False,354000,1410.0,49141527,818-S-272nd-St-Des-Moines-WA-98198
63,2.5,4.0,False,675000,2800.0,48690953,1309-S-208th-St-Des-Moines-WA-98198
64,1.0,2.0,False,214000,800.0,48821492,21831-30th-Ave-S-Des-Moines-WA-98198
65,,0.0,False,534000,4920.0,49090377,21008-5th-Ave-S-Des-Moines-WA-98198
66,2.25,4.0,False,525000,2030.0,48773297,1059-S-230th-St-Des-Moines-WA-98198
67,2.0,4.0,False,390000,2000.0,2138500121,813-S-227th-Pl-APT-6-Des-Moines-WA-98198
68,1.0,2.0,False,202000,,2101721641,22311-Marine-View-Dr-S-Des-Moines-WA-98198
69,,0.0,False,650000,,2101723763,1818-S-250th-St-Des-Moines-WA-98198
70,1.0,2.0,False,179000,600.0,2101723764,28100-9th-Pl-S-Des-Moines-WA-98198
71,3.0,4.0,False,700000,2200.0,48859644,1414-S-236th-Pl-Des-Moines-WA-98198
72,1.0,3.0,False,from 115000,1270.0,2101745901,21920-Pacific-Hwy-S-Des-Moines-WA-98198
74,2.0,6.0,False,335000,2020.0,48851834,27423-8th-Ave-S-Des-Moines-WA-98198
75,2.5,3.0,False,100000,2800.0,117643700,2137-S-262nd-Ct-Des-Moines-WA-98198
76,2.5,3.0,False,296000,1511.0,49020899,28303-Sound-View-Dr-S-APT-207-Des-Moines-WA-98198
77,1.75,2.0,False,310000,1376.0,63229233,26625-19th-Ave-S-Des-Moines-WA-98198
78,2.5,3.0,False,220000,1550.0,49141587,27030-14th-Ave-S-Des-Moines-WA-98198
79,2.0,3.0,False,295000,1060.0,48851858,1115-S-274th-Pl-Des-Moines-WA-98198
81,3.0,7.0,False,807000,4610.0,48879514,912-S-248th-St-APT-15-Des-Moines-WA-98198
82,1.1,2.0,False,179000,1239.0,49021146,922-S-278th-Ct-Des-Moines-WA-98198
83,3.5,4.0,False,22000000,6045.0,49021171,28313-Redondo-Way-S-APT-108-Des-Moines-WA-98198
84,1.75,2.0,False,290000,1406.0,48809933,25121-8th-Pl-S-Des-Moines-WA-98198
85,3.5,5.0,False,750000,4360.0,2101929848,21232-6th-Ave-S-Des-Moines-WA-98198
86,,,True,200000,,2101951573,2417-S-222nd-St-K-81-Des-Moines-WA-98198
87,1.1,2.0,False,140000,1118.0,49081994,701-S-197th-St-Des-Moines-WA-98148
90,1.75,3.0,False,226000,1250.0,48773288,819-S-231st-St-Des-Moines-WA-98198
91,3.0,4.0,False,525000,2580.0,2102081255,22715-30th-Ave-S-Des-Moines-WA-98198
93,2.5,3.0,False,336000,2300.0,2102112125,204-5th-Ave-S-Des-Moines-WA-98198
94,,,True,75000,,48983450,425-S-193rd-St-Des-Moines-WA-98148
95,3.0,4.0,False,248000,1420.0,2112592382,2811-S-216th-St-4-5-6-Des-Moines-WA-98198
97,1.0,3.0,False,262000,1270.0,48773272,815-S-232nd-St-Des-Moines-WA-98198
100,2.5,4.0,False,381000,2300.0,49021087,28428-Redondo-Beach-Dr-S-Des-Moines-WA-98198
101,1.0,3.0,False,650000,2542.0,48749578,1649-S-255th-Pl-Des-Moines-WA-98198
102,3.0,4.0,False,231000,1650.0,2102353812,26414-Marine-View-Dr-S-LOT-B-Des-Moines-WA-98198
103,,,True,210000,,49065750,25746-18th-Ave-S-Des-Moines-WA-98198
104,2.0,4.0,False,333000,2217.0,96706876,24440-26TH-Ave-S-Des-Moines-WA-98198
105,,,True,50000,,48677367,1619-S-223rd-St-Des-Moines-WA-98198
106,1.0,3.0,False,212000,1320.0,2141752547,22215-6th-Ave-S-APT-306-Des-Moines-WA-98198
107,1.75,2.0,False,230000,1218.0,48851884,27421-8th-Ave-S-Des-Moines-WA-98198
108,3.0,3.0,False,14500000,3510.0,48905384,19825-Des-Moines-Memorial-Dr-S-Des-Moines-WA-98148
110,1.0,3.0,False,241000,1540.0,48879710,24441-9th-Pl-S-Des-Moines-WA-98198
111,1.5,2.0,False,230000,1100.0,48751353,23115-Marine-View-Dr-S-Des-Moines-WA-98198
115,1.75,3.0,False,272000,1440.0,2103112271,27203-Marine-View-Dr-S-Des-Moines-WA-98198
118,1.0,3.0,False,363000,2640.0,2103328029,201-1st-Pl-S-Des-Moines-WA-98198
119,,0.0,True,89000,,2103470409,26032-16th-Ct-S-Des-Moines-WA-98198
120,,5.0,True,699000,4130.0,2103713818,26026-16th-Ct-S-Des-Moines-WA-98198
121,4.0,4.0,False,552000,3160.0,48829094,1621-S-257th-St-Des-Moines-WA-98198
122,1.0,3.0,False,201000,879.0,49066823,20130-4th-Ave-S-Des-Moines-WA-98198
124,2.5,4.0,False,316000,2060.0,2104029491,26017-16th-Ct-S-Des-Moines-WA-98198
126,1.5,3.0,False,248000,1350.0,48992068,26136-11th-Pl-S-Des-Moines-WA-98198
128,1.75,3.0,False,257000,1640.0,49137020,22005-6th-Ave-S-APT-312-Des-Moines-WA-98198
129,2.0,2.0,False,415000,1489.0,2104325595,807A-S-281st-St-A-Des-Moines-WA-98198
130,5.0,2.0,False,210000,720.0,49065813,1804-S-264th-Pl-Des-Moines-WA-98198
133,1.0,2.0,False,142000,1067.0,48944962,1806-S-244th-St-Des-Moines-WA-98198
134,1.0,3.0,False,212000,1280.0,48751340,23235-Marine-View-Dr-S-Des-Moines-WA-98198
135,5.0,3.0,False,33900000,5900.0,48851841,28057-13th-Ave-S-Des-Moines-WA-98198
136,,4.0,True,78600000,3040.0,48952691,608-S-200th-St-Des-Moines-WA-98198
139,1.0,3.0,False,230000,1010.0,2107410676,625-S-240th-St-Des-Moines-WA-98198
140,5.0,5.0,False,41800000,7856.0,48773535,611-S-240th-St-Des-Moines-WA-98198
143,2.0,2.0,False,131000,1009.0,48851865,27403-16th-Ave-S-Des-Moines-WA-98198
145,1.75,3.0,False,230000,1100.0,2145978781,21937-7th-Ave-S-APT-222-Des-Moines-WA-98198
146,1.0,2.0,False,199000,827.0,48770514,23219-28th-Ave-S-Des-Moines-WA-98198
