,bath,bed,isVavcantLand,price,sqft,zpid,address
0,4.0,4.0,False,627000.0,2172.0,48935813,18868-SE-42nd-St-Issaquah-WA-98027
2,2.5,4.0,False,805000.0,3016.0,48886415,1506-NE-Iris-St-Issaquah-WA-98029
3,4.0,4.0,False,789000.0,2850.0,2137317896,1622-Huckleberry-Cir-Issaquah-WA-98029
4,3.0,2.0,False,395000.0,1476.0,48666874,24013-SE-103rd-Pl-Issaquah-WA-98027
5,2.0,4.0,False,495000.0,2173.0,48904761,25210-SE-35th-St-Issaquah-WA-98029
6,3.0,3.0,False,596000.0,1910.0,84762535,700-Front-St-S-Issaquah-WA-98027
7,1.0,2.0,False,245000.0,911.0,48792449,24607-SE-153rd-Pl-Issaquah-WA-98027
8,3.0,3.0,False,510000.0,2540.0,48905145,24939-SE-42nd-Dr-Issaquah-WA-98029
9,3.0,3.0,False,498000.0,1530.0,72495510,1729-11th-Ave-NE-Issaquah-WA-98029
11,4.0,4.0,False,820000.0,2347.0,49078832,23975-SE-41st-Pl-Issaquah-WA-98029
12,2.5,4.0,False,689000.0,2410.0,48968423,26609-SE-158th-St-Issaquah-WA-98027
13,2.5,3.0,False,850000.0,4330.0,2101034397,4642-238th-Way-SE-LOT-7-Issaquah-WA-98029
14,3.5,3.0,False,668000.0,2193.0,2101034401,4634-238th-Way-SE-LOT-8-Issaquah-WA-98029
15,3.5,3.0,False,665000.0,2193.0,48752124,13228-202nd-Ave-SE-Issaquah-WA-98027
16,2.75,3.0,False,14000000.0,3171.0,49016269,23842-SE-45th-St-Issaquah-WA-98029
18,3.0,3.0,False,507000.0,1467.0,63335996,23120-SE-Black-Nugget-Rd-UNIT-F5-Issaquah-WA-98029
19,2.5,3.0,False,425000.0,1471.0,2101044217,1416-14th-Pl-NE-Issaquah-WA-98029
21,2.5,5.0,False,810000.0,2980.0,2101051289,26255-SE-42nd-St-Issaquah-WA-98029
22,4.0,4.0,False,16200000.0,4491.0,2101065247,27240-SE-Grand-Ridge-Dr-Issaquah-WA-98029
23,,,True,495000.0,,2101065246,27243-SE-Grand-Ridge-Dr-Issaquah-WA-98029
24,3.0,3.0,False,575000,1804.0,49133308,975-Wildwood-Blvd-SW-Issaquah-WA-98027
25,3.0,4.0,False,599000,2090.0,2101077537,22223-SE-42nd-Ln-BLDG-26-Issaquah-WA-98029
26,1.75,2.0,False,289000,1196.0,2101077580,1408-Hinoki-Walk-NE-Issaquah-WA-98029
28,2.5,4.0,False,792000,3510.0,48961625,4225-191st-Ave-SE-Issaquah-WA-98027
29,2.5,4.0,False,765000,2130.0,48989145,290-Newport-Way-NW-A-5-Issaquah-WA-98027
30,1.5,2.0,False,155000,1015.0,63296393,2613-NE-Mulberry-St-Issaquah-WA-98029
31,3.0,4.0,False,665000,2120.0,58383720,22615-SE-44th-Pl-1634-Issaquah-WA-98029
32,2.0,2.0,False,365000,1482.0,96712211,1670-Pine-View-Dr-NW-Issaquah-WA-98027
33,4.0,5.0,False,16800000,4510.0,2101099898,4225-Providence-Point-Dr-SE-Issaquah-WA-98029
34,3.0,3.0,False,520000,2086.0,68474749,27549-SE-28th-Ct-Sammamish-WA-98075
35,3.0,5.0,False,825000,3668.0,48886445,210-SW-Clark-St-APT-A301-Issaquah-WA-98027
36,1.0,2.0,False,,828.0,96675057,10908-329th-Ct-SE-Issaquah-WA-98027
37,3.5,4.0,False,795000,2500.0,2101113940,973-NE-Ingram-St-UNIT-207-Issaquah-WA-98029
38,1.75,3.0,False,285000,1106.0,2101113941,1834-NW-James-Bush-Rd-Issaquah-WA-98027
39,3.5,4.0,False,939000,3200.0,48729880,14235-248TH-Pl-SE-Issaquah-WA-98027
40,3.5,4.0,False,550000,2920.0,2101113943,26000-SE-Mirrormont-Blvd-Issaquah-WA-98027
42,2.5,3.0,False,750000,3036.0,48903798,4308-243rd-Ave-SE-Issaquah-WA-98029
43,2.5,3.0,False,615000,2110.0,48729931,25525-SE-Tiger-Mountain-Rd-Issaquah-WA-98027
44,1.0,2.0,False,265000,1184.0,48970589,18632-NW-Bernina-Ct-Issaquah-WA-98027
47,2.5,4.0,False,802000,3789.0,2101135244,1391-Pine-Crest-Cir-NE-LOT-06-Issaquah-WA-98029
49,,,False,,,84758010,856-3rd-Ave-NE-Issaquah-WA-98029
52,2.5,3.0,False,720000,2470.0,2101144139,23942-SE-45th-(Lot-65)-Pl-Issaquah-WA-98029
53,2.5,2.0,False,450000,1306.0,48970414,5230-Jung-Frau-Pl-NW-Issaquah-WA-98027
54,3.0,3.0,False,975000,3340.0,48968814,24516-SE-146th-St-Issaquah-WA-98027
55,3.0,3.0,False,575000,3020.0,48827989,3233-241st-Ave-SE-Issaquah-WA-98029
56,3.5,5.0,False,890000,3890.0,63337436,595-Newport-Way-NW-Issaquah-WA-98027
57,2.0,2.0,False,220000,889.0,2101169955,3512-255th-Ln-SE-APT-8-Issaquah-WA-98029
58,2.5,2.0,False,425000,1472.0,48700426,12120-Issaquah-Hobart-Rd-SE-Issaquah-WA-98027
59,1.0,3.0,False,349000,1210.0,2101174259,4139-220th-Pl-SE-Issaquah-WA-98029
60,1.0,1.0,False,198000,830.0,63336325,580-Front-St-S-Issaquah-WA-98027
61,2.0,2.0,False,240000,1005.0,61719456,510-Sky-Country-Way-NW-Issaquah-WA-98027
62,3.5,5.0,False,858000,3900.0,48903590,24236-SE-43rd-Pl-Issaquah-WA-98029
63,2.25,3.0,False,500000,1830.0,48968787,14910-245th-Ave-SE-Issaquah-WA-98027
66,2.5,3.0,False,730000,2565.0,2103210404,23420-SE-Black-Nugget-Rd-Issaquah-WA-98029
67,2.0,2.0,False,290000,1153.0,2101212267,4138-248th-Ct-SE-Issaquah-WA-98029
68,2.25,3.0,False,389000,1246.0,2101213901,770-Big-Tree-Drive-Nw-Issaquah-WA-98027
69,,,False,815000,,96653560,15628-258th-Pl-SE-Issaquah-WA-98027
70,2.75,5.0,False,900000,3472.0,49030143,204-Mt-Park-Blvd-SW-APT-C101-Issaquah-WA-98027
71,2.0,3.0,False,211000,1262.0,49064796,20301-SE-130th-St-Issaquah-WA-98027
72,2.0,3.0,False,430000,1500.0,48813836,2005-Squak-Mountain-Loop-SW-Issaquah-WA-98027
73,4.0,4.0,False,11000000,3760.0,82362432,700-Front-St-S-UNIT-E105-Issaquah-WA-98027
74,1.0,1.0,False,236000,631.0,48886333,1727-15th-Ave-NE-Issaquah-WA-98029
75,2.5,3.0,False,635000,2070.0,68474864,859-Summerhill-Ridge-Dr-NW-Issaquah-WA-98027
76,4.0,4.0,False,915000,4420.0,82364283,700-Front-St-S-UNIT-E202-Issaquah-WA-98027
77,1.0,2.0,False,245000,911.0,48955440,415-NE-Birch-St-Issaquah-WA-98027
78,1.5,3.0,False,440000,2180.0,49085115,20535-SE-136th-St-Issaquah-WA-98027
79,3.25,4.0,False,748000,3520.0,48779452,22720-SE-56th-St-Issaquah-WA-98029
80,1.5,3.0,False,700000,1900.0,2101330079,421-Wildwood-Blvd-SW-Issaquah-WA-98027
81,,,True,275000,,48886263,580-Front-St-S-UNIT-C116-Issaquah-WA-98027
82,2.0,2.0,False,240000,992.0,48861868,420-Mine-Hill-Rd-SW-Issaquah-WA-98027
83,,3.0,True,275000,1380.0,49042982,4707-W-Lake-Sammamish-Pkwy-SE-APT-D205-Issaquah-WA-98027
84,2.0,2.0,False,215000,912.0,2139609186,1491-Huckleberry-Cir-Issaquah-WA-98029
85,3.0,3.0,False,,1615.0,48997275,3726-257th-Ave-SE-Issaquah-WA-98029
86,2.0,2.0,False,360000,1481.0,48829654,290-NW-Dogwood-St-Issaquah-WA-98027
87,4.0,4.0,False,825000,2347.0,49117411,4109-224th-Ln-SE-APT-302-Issaquah-WA-98029
88,2.0,2.0,False,250000,1075.0,48787622,15108-238th-Ave-SE-Issaquah-WA-98027
89,3.0,4.0,False,700000,4070.0,96702554,26302-SE-156th-Pl-Issaquah-WA-98027
91,,,False,,,112897113,1389-NE-Park-Dr-Issaquah-WA-98029
92,2.5,2.0,False,,1600.0,49133266,758-Sunrise-Pl-SW-Issaquah-WA-98027
93,2.0,3.0,False,425000,1550.0,49016278,4461-238th-Pl-SE-Issaquah-WA-98029
94,3.5,3.0,False,985000,3690.0,63068244,595-Newport-Way-NW-APT-B4-Issaquah-WA-98027
95,2.0,2.0,False,300000,932.0,84759419,876-3rd-Ave-NE-Issaquah-WA-98029
96,2.5,2.0,False,325000,1173.0,2139073365,2570-NE-Julep-St-Issaquah-WA-98029
97,1.5,2.0,False,385000,1050.0,48852855,20905-SE-83rd-Pl-Issaquah-WA-98027
99,,,False,823000,,58384691,22535-SE-Highland-Cir-APT-102-Issaquah-WA-98029
100,2.0,2.0,False,259000,1296.0,48861928,8232-316th-Pl-SE-Issaquah-WA-98027
101,2.0,3.0,False,599000,1540.0,48817101,16119-Issaquah-Hobart-Rd-SE-Issaquah-WA-98027
102,1.75,3.0,False,500000,1580.0,68477844,18707-SE-Newport-Way-APT-110-Issaquah-WA-98027
103,1.75,2.0,False,389000,1319.0,48746358,22509-SE-May-Valley-Rd-Issaquah-WA-98027
104,2.0,3.0,False,256000,1560.0,82363511,3007-NE-Harrison-Dr-Issaquah-WA-98029
105,3.0,4.0,False,14700000,4433.0,48815911,23212-SE-135th-Ct-Issaquah-WA-98027
106,3.5,4.0,False,865000,3800.0,48806464,27439-SE-169th-St-Issaquah-WA-98027
107,3.0,5.0,False,675000,4240.0,48968713,24507-SE-Mirrormont-Blvd-Issaquah-WA-98027
109,,,False,710000,,2124377668,4496-248th-Ln-SE-Issaquah-WA-98029
110,1.75,2.0,False,320000,1125.0,48970441,5317-Gran-Paradiso-Pl-NW-Issaquah-WA-98027
111,3.25,4.0,False,14000000,4050.0,68474744,27513-SE-28th-Ct-Sammamish-WA-98075
112,3.5,4.0,False,820000,3636.0,48713787,26615-SE-37th-St-Issaquah-WA-98029
113,3.5,4.0,False,11000000,4750.0,70582179,1538-24th-Ave-NE-Issaquah-WA-98029
114,3.25,5.0,False,868000,3330.0,2101541937,18TH-Ave-W-Kirkland-WA-98029
115,,,True,175000,,70583756,22703-SE-49th-Pl-Issaquah-WA-98029
116,3.1,5.0,False,898000,4137.0,2101553972,206-Mt-Park-Blvd-SW-B103-Issaquah-WA-98027
117,2.0,3.0,False,from 110000,1262.0,49096224,4346-252nd-Pl-SE-Issaquah-WA-98029
118,2.5,3.0,False,495000,1480.0,48968351,26056-SE-158th-St-Issaquah-WA-98027
120,1.75,2.0,False,345000,1056.0,58388748,2200-Newport-Way-NW-20-1-Issaquah-WA-98027
121,2.25,3.0,False,464000,1880.0,48886417,1530-NE-Iris-St-Issaquah-WA-98029
122,4.0,4.0,False,760000,2600.0,2101601222,1958-18th-Ave-NE-Issaquah-WA-98029
124,2.25,4.0,False,655000,2220.0,48779447,4804-E-Lake-Sammamish-Pkwy-SE-Issaquah-WA-98029
125,2.0,4.0,False,530000,2410.0,48861843,345-Mine-Hill-Rd-SW-Issaquah-WA-98027
126,2.75,5.0,True,15000000,2490.0,48861841,375-Mine-Hill-Rd-SW-Issaquah-WA-98027
127,1.0,2.0,True,10000000,970.0,63339625,5000-NW-Village-Park-Dr-Issaquah-WA-98027
128,2.0,2.0,False,225000,874.0,49111831,5000-NW-Village-Park-Dr-APT-D124-Issaquah-WA-98027
129,2.0,2.0,False,235000,874.0,65222787,2173-NW-Far-Country-Ln-Issaquah-WA-98027
130,2.5,4.0,False,650000,2610.0,48774897,5204-NW-Sammamish-Rd-Issaquah-WA-98027
131,4.1,5.0,False,40000000,5670.0,80261330,2319-NE-Park-Dr-Issaquah-WA-98029
132,3.0,2.0,False,460000,1673.0,63336338,3121-NE-Norton-Ln-Issaquah-WA-98029
133,2.5,4.0,False,715000,2517.0,96678852,3065-NE-Harrison-Dr-Issaquah-WA-98029
134,,,True,420000,,48686835,18813-SE-May-Valley-Rd-Issaquah-WA-98027
136,1.0,1.0,False,179000,640.0,2101689115,1446-14th-Pl-NE-Issaquah-WA-98029
137,4.0,4.0,False,10500000,3753.0,2101689635,23818-SE-45th-St-LOT-43-Issaquah-WA-98029
138,2.5,4.0,False,783000,2223.0,48739354,13030-Issaquah-Hobart-Rd-SE-Issaquah-WA-98027
139,1.5,2.0,False,429000,1420.0,48968568,25270-SE-Mirrormont-Way-Issaquah-WA-98027
140,2.5,3.0,False,469000,1451.0,2101718530,23824-SE-45th-St-LOT-42-Issaquah-WA-98029
142,3.0,5.0,False,561000,2620.0,2101726012,12-Xxx-Se-128th-Way-Issaquah-WA-98027
143,,0.0,True,300000,,48821099,23426-SE-160TH-Pl-Issaquah-WA-98027
144,3.0,4.0,False,675000,3370.0,2101738341,1736-10th-Ave-NE-C-113-Issaquah-WA-98029
145,2.0,3.0,False,285000,1147.0,48666859,10511-238th-Way-SE-Issaquah-WA-98027
146,2.0,3.0,False,375000,2130.0,68474747,27537-SE-28th-Ct-Sammamish-WA-98075
148,2.0,2.0,False,231000,942.0,65221627,6505-282nd-Ave-SE-Issaquah-WA-98027
149,3.0,4.0,False,888000,5030.0,48821135,23724-SE-170th-St-Maple-Valley-WA-98038
150,3.0,2.0,False,13000000,3650.0,70583759,22717-SE-49th-Pl-Issaquah-WA-98029
151,4.25,6.0,False,895000,4758.0,59698608,23420-SE-Black-Nugget-Rd-UNIT-D302-Issaquah-WA-98029
152,2.0,2.0,False,290000,1153.0,2146017329,23757-SE-52nd-Ln-Issaquah-WA-98029
153,2.0,2.0,False,290000,1037.0,2101798968,24823-SE-Mirrormont-Blvd-Issaquah-WA-98027
154,,,True,130000,,48980635,455-Newport-Way-NW-APT-304-Issaquah-WA-98027
155,2.0,3.0,False,205000,1018.0,2106916779,23200-SE-58th-St-Issaquah-WA-98029
156,,0.0,True,299000,,48903903,4312-246th-Pl-SE-Issaquah-WA-98029
157,2.5,4.0,False,800000,2260.0,49085125,20911-SE-138th-Pl-Issaquah-WA-98027
158,3.0,4.0,False,650000,3200.0,52643983,18501-SE-Newport-Way-UNIT-M154-Issaquah-WA-98027
159,2.0,2.0,False,242000,910.0,49111836,5000-NW-Village-Park-Dr-APT-E126-Issaquah-WA-98027
160,1.0,1.0,False,185000,640.0,48970568,18451-NW-Village-Park-Dr-Issaquah-WA-98027
162,1.0,1.0,False,199000,653.0,96662056,11315-207th-Ave-SE-Issaquah-WA-98027
163,3.0,4.0,False,799000,4620.0,48746362,13759-223rd-Ave-SE-Issaquah-WA-98027
164,2.5,4.0,False,10500000,4640.0,48730809,25521-SE-Issaquah-Fall-City-Rd-Issaquah-WA-98029
165,2.0,3.0,False,400000,1530.0,48666949,10912-329th-Ct-SE-Issaquah-WA-98027
167,2.5,2.0,False,466000,1600.0,48792647,25045-SE-Old-Black-Nugget-Rd-Issaquah-WA-98029
168,,,True,585000,,54410571,23300-SE-Black-Nugget-Rd-UNIT-C3-Issaquah-WA-98029
169,2.5,2.0,False,349000,1065.0,48797676,27501-SE-154th-Pl-Issaquah-WA-98027
170,3.0,4.0,False,850000,2635.0,2101993555,229-SE-146th-St-Issaquah-WA-98027
171,,,True,260000,,48797738,26609-SE-146th-St-Issaquah-WA-98027
172,4.0,4.0,False,875000,3821.0,67683188,1756-24th-Ave-NE-Issaquah-WA-98029
173,2.5,3.0,False,420000,1480.0,49142919,390-Datewood-Ct-NW-Issaquah-WA-98027
174,3.5,5.0,False,12000000,3750.0,68478636,18707-SE-Newport-Way-APT-305-Issaquah-WA-98027
175,2.0,2.0,False,345000,1186.0,96663637,27133-SE-Grand-Ridge-Dr-Issaquah-WA-98029
176,5.0,5.0,False,31900000,5900.0,48886241,580-Front-St-S-UNIT-A303-Issaquah-WA-98027
177,2.0,2.0,False,240000,1005.0,48886244,580-Front-St-S-UNIT-B304-Issaquah-WA-98027
178,1.0,1.0,False,175000,750.0,48767979,18701-SE-60th-St-Issaquah-WA-98027
179,4.0,5.0,False,898000,4380.0,49133870,790-Highwood-Dr-SW-Issaquah-WA-98027
180,2.0,3.0,False,500000,1810.0,2102103957,00-Xxx-Issaquah-WA-98027
181,,,True,219000,,48859736,22484-SE-38th-Ter-2348-Issaquah-WA-98029
182,1.75,2.0,False,380000,1350.0,48797768,15024-260th-Ave-SE-Issaquah-WA-98027
183,2.5,4.0,False,890000,3610.0,2102187490,93-240th-Ave-SE-Issaquah-WA-98027
184,,,True,270000,,48769513,9330-240th-Ave-SE-Issaquah-WA-98027
185,4.0,3.0,False,840000,4830.0,48837655,1760-Newport-Way-NW-Issaquah-WA-98027
186,1.0,3.0,False,445000,1100.0,55467991,1000-Cabin-Creek-Ln-SW-APT-B204-Issaquah-WA-98027
187,2.0,2.0,False,319000,1109.0,2102207819,19218-SE-May-Valley-Rd-Issaquah-WA-98027
188,,,True,175000,,48686805,19212-SE-May-Valley-Rd-Issaquah-WA-98027
189,2.75,3.0,False,575000,3110.0,49042989,4707-W-Lake-Sammamish-Pkwy-SE-APT-D306-Issaquah-WA-98027
190,1.75,3.0,False,250000,1134.0,48905147,24923-SE-42nd-Dr-Issaquah-WA-98029
191,2.75,4.0,False,650000,1890.0,48861924,10-Mt-Quay-Dr-NW-Issaquah-WA-98027
192,5.0,5.0,False,15800000,6530.0,48903892,24647-SE-44th-St-Issaquah-WA-98029
193,3.5,5.0,False,10500000,3890.0,48842256,28525-SE-Preston-Way-Issaquah-WA-98027
194,3.5,4.0,False,899000,3840.0,48797699,26012-SE-152nd-St-Issaquah-WA-98027
196,3.25,4.0,False,11900000,4580.0,121901692,935-Pine-Crest-Cir-NE-Issaquah-WA-98029
197,3.5,4.0,False,10200000,3811.0,2102566023,4142-248th-Ct-SE-Issaquah-WA-98029
198,1.0,2.0,False,300000,1151.0,66650234,2738-NE-Magnolia-St-Issaquah-WA-98029
199,2.5,4.0,False,525000,1868.0,48794463,310-SE-Darst-St-Issaquah-WA-98027
200,2.0,3.0,False,449000,1260.0,2102596781,75-Preston-Fall-City-Rd-Preston-WA-98050
201,,,True,85000,,96691690,7639-Preston-fall-City-Rd-SE-Preston-WA-98050
202,,0.0,True,75000,,2119412177,5750-290th-Ave-SE-LOT-B-Issaquah-WA-98027
203,,0.0,True,230000,331056.0,2119412175,29280-SE-64th-St-LOT-E-Issaquah-WA-98027
204,,0.0,True,405000,220414.0,2119412178,29799-SE-51st-St-LOT-A-Issaquah-WA-98024
205,,0.0,True,315000,267894.0,2119412176,29398-SE-64th-St-LOT-C-Issaquah-WA-98027
206,,0.0,True,405000,304920.0,48794392,60-SE-Bush-St-Issaquah-WA-98027
207,2.0,2.0,False,699000,1810.0,2102691493,1670-Pine-View-Dr-NW-LOT31-Issaquah-WA-98027
208,4.25,5.0,False,16800000,4510.0,116542855,1620-14th-Pl-NE-Issaquah-WA-98029
209,2.5,3.0,False,746000,1800.0,96673041,2541-NW-Alpine-Crest-Way-Issaquah-WA-98027
210,2.5,3.0,False,743000,2324.0,2102828381,88-Xx-314th-Ave-SE-Issaquah-WA-98027
211,,0.0,True,500000,653836.0,63334175,3026-277th-Pl-SE-Sammamish-WA-98075
213,2.5,3.0,False,716000,2990.0,121902590,981-Pine-Crest-Cir-NE-Issaquah-WA-98029
214,3.5,4.0,False,10000000,3811.0,2102980523,981-Pine-Crest-Cir-NE-LOT-45-Issaquah-WA-98029
215,3.5,4.0,False,10000000,3811.0,70582329,3566-NE-Harrison-Dr-Issaquah-WA-98029
216,,0.0,True,207000,,48970421,18106-NW-Montreux-Dr-Issaquah-WA-98027
217,4.0,5.0,False,13000000,4400.0,49079958,24717-SE-45th-Pl-Issaquah-WA-98029
218,2.5,3.0,False,700000,2075.0,70578752,2635-NE-Jared-Ct-Issaquah-WA-98029
219,1.5,2.0,False,425000,1050.0,67683724,27518-SE-28th-Pl-Sammamish-WA-98075
220,4.5,4.0,False,855000,3800.0,96711638,15458-256TH-Ave-SE-Issaquah-WA-98027
221,,0.0,True,160000,,2103448961,273-SE-162nd-Pl-Issaquah-WA-98027
222,,,True,145000,,121901472,1411-Pine-Crest-Cir-NE-Issaquah-WA-98029
224,2.25,5.0,False,489000,2180.0,49092457,14528-274th-Ave-SE-Issaquah-WA-98027
225,4.0,5.0,False,675000,4130.0,96678414,6819-277TH-Way-SE-Issaquah-WA-98027
226,,0.0,True,295000,,96661424,545-SW-Ellerwood-St-Issaquah-WA-98027
227,,0.0,True,125000,,84761099,927-4th-Ave-NE-Issaquah-WA-98029
228,2.5,3.0,False,535000,1810.0,49079990,4421-244th-Pl-SE-Issaquah-WA-98029
229,2.5,4.0,False,750000,2788.0,2103968286,27211-SE-Grand-Ridge-Dr-Issaquah-WA-98029
230,,0.0,True,415000,,2103968280,27232-SE-Grand-Ridge-Dr-Issaquah-WA-98029
231,,0.0,True,475000,,2103968285,27109-SE-Grand-Ridge-Dr-Issaquah-WA-98029
232,,0.0,True,450000,,2103968284,27224-SE-Grand-Ridge-Dr-Issaquah-WA-98029
233,,0.0,True,475000,,2103968281,27235-SE-Grand-Ridge-Dr-Issaquah-WA-98029
234,,0.0,True,425000,,2103968290,27227-SE-Grand-Ridge-Dr-Issaquah-WA-98029
235,,0.0,True,425000,,2107727226,27142-SE-Grand-Ridge-Dr-Issaquah-WA-98029
236,,0.0,True,415000,,2103968283,27219-SE-Grand-Ridge-Dr-Issaquah-WA-98029
237,,0.0,True,435000,,2104112797,206-Mountain-Park-Blvd-SW-B-103-Issaquah-WA-98027
238,1.75,3.0,False,170000,1262.0,96701142,25780-SE-138TH-St-Issaquah-WA-98027
240,2.0,3.0,False,458000,2000.0,2104631233,243-Issaquah-Hobart-Rd-SE-Issaquah-WA-98027
241,,,True,85000,,61766619,1848-NE-Kenyon-Ct-Issaquah-WA-98029
242,3.0,3.0,False,353000,1420.0,2104955370,10700-Upper-Preston-Rd-SE-Issaquah-WA-98027
243,,0.0,True,60000,,80260381,1725-25th-Walk-NE-Issaquah-WA-98029
244,2.5,3.0,False,645000,2126.0,2105062555,945-Pine-Crest-Cir-NE-Issaquah-WA-98029
245,3.5,4.0,False,10000000,3811.0,117488031,1617-14th-Pl-NE-Issaquah-WA-98029
246,4.0,4.0,False,11000000,3129.0,2105097010,945-Pinecrest-(Lot-48)-Cir-NE-Issaquah-WA-98029
247,3.5,4.0,False,10000000,3811.0,48729856,24630-SE-133rd-St-Issaquah-WA-98027
248,1.75,2.0,False,326000,940.0,82365925,2557-NE-Park-Dr-Issaquah-WA-98029
250,1.75,3.0,False,524000,2150.0,96649445,9107-Renton-Issaquah-Rd-SE-Issaquah-WA-98027
251,,0.0,False,699000,1800.0,48811527,1050-1st-Pl-SE-Issaquah-WA-98027
252,3.5,4.0,False,12500000,2720.0,111705037,160-6th-Ave-SE-Issaquah-WA-98027
253,2.5,4.0,False,600000,1785.0,82365220,700-Front-St-S-UNIT-B209-Issaquah-WA-98027
254,1.0,2.0,False,289000,920.0,49142829,960-NW-Inneswood-Pl-Issaquah-WA-98027
255,2.0,3.0,False,600000,1730.0,48837657,1790-Newport-Way-NW-Issaquah-WA-98027
256,3.75,4.0,False,780000,3328.0,48974962,65-Mt-Olympus-Dr-SW-Issaquah-WA-98027
257,3.0,4.0,False,650000,3230.0,2107184051,18500-SE-65th-Pl-Issaquah-WA-98027
258,,,True,33400000,,2108695649,10898-Renton-Issaquah-Rd-Se-(Sr-900)-Issaquah-WA-98027
259,,,True,220000,,2109001110,1736-10th-Ave-NE-UNIT-110-Issaquah-WA-98029
261,3.0,6.0,False,725000,4110.0,117643411,1643-14th-Pl-NE-Issaquah-WA-98029
262,3.25,4.0,False,950000,3140.0,62944379,1937-NE-Kenyon-Ct-Issaquah-WA-98029
264,,,True,250000,,72497117,2919-275th-Ave-SE-Sammamish-WA-98075
265,3.0,5.0,False,889000,3503.0,48821160,16625-Cedar-Grove-Rd-SE-Maple-Valley-WA-98038
266,2.75,4.0,False,501000,3080.0,96657796,8855-Renton-issaquah-Rd-SE-Issaquah-WA-98027
267,2.75,4.0,False,899000,3790.0,48852870,8308-Renton-Issaquah-Rd-SE-Issaquah-WA-98027
268,2.25,3.0,False,373000,1410.0,60963713,1782-11th-Ave-NE-Issaquah-WA-98029
269,3.5,3.0,False,780000,3123.0,49081593,25235-SE-Klahanie-Blvd-APT-A103-Issaquah-WA-98029
270,2.0,2.0,False,195000,942.0,96670407,10716-Upper-Preston-Rd-SE-Issaquah-WA-98027
271,,,False,,,83231081,1731-10th-Ave-NE-UNIT-115-Issaquah-WA-98029
272,1.0,2.0,False,191000,939.0,82365664,1880-25th-Ave-NE-APT-410-Issaquah-WA-98029
273,2.0,2.0,False,283000,1158.0,80119423,25025-SE-Klahanie-Blvd-Issaquah-WA-98029
274,2.0,3.0,False,80000,1020.0,80117804,25025-SE-Klahanie-Blvd-Issaquah-WA-98029
275,2.0,3.0,False,224000,1020.0,63335690,4535-Providence-Point-Pl-SE-UNIT-204-Issaquah-WA-98029
276,1.75,2.0,False,257000,1236.0,58382623,23420-SE-Black-Nugget-Rd-UNIT-A101-Issaquah-WA-98029
277,1.0,1.0,False,182000,767.0,49085105,20404-SE-136th-St-Issaquah-WA-98027
278,3.5,3.0,False,10000000,3170.0,63215234,2351-30th-Ave-NE-Issaquah-WA-98029
