,bath,bed,isVavcantLand,price,sqft,zpid,address
1,3.5,4.0,False,10400000.0,2544.0,48942783,3423-W-Government-Way-APT-7-Seattle-WA-98199
2,2.0,2.0,False,360000.0,960.0,58383901,3613-22nd-Ave-W-A-Seattle-WA-98199
3,3.0,3.0,False,510000.0,1780.0,2101028537,4426-Montana-Cir-W-Seattle-WA-98199
4,3.0,3.0,False,799000.0,1674.0,49137089,3710-27th-Pl-W-APT-203-Seattle-WA-98199
5,1.0,1.0,False,185000.0,680.0,89822002,3411-21st-Ave-W-B-Seattle-WA-98199
6,4.0,3.0,False,565000.0,1760.0,49009400,3825-33rd-Ave-W-Seattle-WA-98199
7,3.0,3.0,False,575000.0,1900.0,49009939,3314-W-Armour-St-Seattle-WA-98199
8,1.0,3.0,False,675000.0,1150.0,48906511,3215-Magnolia-Blvd-W-Seattle-WA-98199
10,4.0,4.0,False,970000.0,2369.0,48726564,2570-Magnolia-Blvd-W-Seattle-WA-98199
11,6.25,5.0,False,44000000.0,5864.0,48824797,3243-22nd-Ave-W-Seattle-WA-98199
12,2.0,3.0,False,529000.0,1560.0,61719047,3451-22nd-Ave-W-A-Seattle-WA-98199
13,4.0,3.0,False,545000.0,1851.0,49084204,3022-W-Smith-St-Seattle-WA-98199
14,2.0,3.0,False,549000.0,1620.0,48824881,3455-21st-Ave-W-Seattle-WA-98199
15,2.5,3.0,False,450000.0,1400.0,48702895,2621-40th-Ave-W-Seattle-WA-98199
16,2.5,4.0,False,930000.0,3030.0,48930759,4433-Brygger-Dr-W-Seattle-WA-98199
17,2.5,4.0,False,820000.0,2300.0,2102215734,3010A-31st-Ave-W-Seattle-WA-98199
18,2.0,2.0,False,620000.0,1766.0,48824713,2628-23rd-Ave-W-Seattle-WA-98199
19,2.25,3.0,False,565000.0,1690.0,48677745,3518-29th-Ave-W-Seattle-WA-98199
20,3.0,4.0,False,915000.0,2920.0,48824880,3443-21st-Ave-W-Seattle-WA-98199
21,2.0,3.0,False,480000.0,1640.0,49013230,3850-32nd-Ave-W-Seattle-WA-98199
22,2.0,3.0,False,705000.0,2300.0,49009929,3036-36th-Ave-W-Seattle-WA-98199
23,1.0,3.0,False,675000.0,1620.0,48701034,4324-W-Cramer-St-Seattle-WA-98199
24,,,False,,,48855572,3214-43rd-Ave-W-Seattle-WA-98199
25,3.5,3.0,False,19800000,5280.0,49009427,3844-33rd-Ave-W-Seattle-WA-98199
26,2.0,4.0,False,649000,2000.0,2101190820,0-Perkins-Ln-W-Seattle-WA-98199
27,,,True,499000,,48726287,2515-Perkins-Ln-W-Seattle-WA-98199
28,3.0,3.0,False,13000000,2410.0,48942763,3725-W-Armour-Pl-Seattle-WA-98199
30,,,False,,,79975081,3045-20th-Ave-W-APT-408-Seattle-WA-98199
31,1.0,1.0,False,225000,555.0,49120585,3010-25th-Ave-W-Seattle-WA-98199
32,1.75,4.0,False,950000,2320.0,119114083,4400-Brygger-Dr-W-A-Seattle-WA-98199
33,2.25,3.0,False,529000,1570.0,48880378,2724-W-Blaine-St-Seattle-WA-98199
34,2.75,3.0,False,895000,3030.0,48663296,2932-25th-Ave-W-Seattle-WA-98199
35,2.5,4.0,False,849000,2990.0,48711739,2922-28th-Ave-W-Seattle-WA-98199
36,2.5,4.0,False,899000,2500.0,48700921,5443-45th-Ave-W-Seattle-WA-98199
37,3.0,4.0,False,15500000,3350.0,60972341,3302-W-Government-Way-APT-C-Seattle-WA-98199
38,2.25,3.0,False,480000,1440.0,48825834,2607-W-Newton-St-Seattle-WA-98199
39,4.0,4.0,False,12500000,3430.0,48825617,2438-W-Lynn-St-Seattle-WA-98199
40,3.5,4.0,False,10500000,2710.0,2101392654,4009-W-Briarcliff-Ln-Seattle-WA-98199
41,3.0,4.0,False,,2286.0,2101392656,3051-Briarcliff-Ln-W-Seattle-WA-98199
42,4.0,4.0,False,10600000,2369.0,48677326,5614-40th-Ave-W-Seattle-WA-98199
44,,,False,600000,,96676240,2120-W-Ruffner-St-Seattle-WA-98199
45,2.5,3.0,False,450000,1360.0,48824807,3432-23rd-Ave-W-Seattle-WA-98199
46,1.0,1.0,False,400000,610.0,48880402,2601-W-Blaine-St-Seattle-WA-98199
47,2.0,3.0,False,585000,1900.0,49009376,3836-36th-Ave-W-Seattle-WA-98199
48,2.0,3.0,False,10200000,3370.0,2101683958,3608-26th-Place-W-401-Seattle-WA-98199
49,1.75,3.0,False,619000,1576.0,48677293,5435-40th-Ave-W-Seattle-WA-98199
50,2.5,3.0,False,13000000,2760.0,48927718,2612-23rd-Ave-W-APT-3-Seattle-WA-98199
51,3.1,4.0,False,729000,2400.0,2101746196,3010-31st-Ave-W-A-Seattle-WA-98199
52,2.0,2.0,False,620000,1766.0,48942894,3625-Magnolia-Blvd-W-Seattle-WA-98199
53,3.75,4.0,False,11900000,3370.0,48824958,2853-21st-Ave-W-Seattle-WA-98199
54,1.75,4.0,False,700000,1590.0,48727137,2805-43rd-Ave-W-Seattle-WA-98199
55,2.25,4.0,False,20000000,3560.0,48727073,2546-36th-Ave-W-Seattle-WA-98199
56,1.75,3.0,False,739000,2110.0,92571423,3841-34th-Ave-W-UNIT-B-Seattle-WA-98199
57,3.0,2.0,False,500000,1416.0,48726480,2323-Eyres-Pl-W-Seattle-WA-98199
58,4.0,5.0,False,25000000,4300.0,48726895,1636-Magnolia-Blvd-W-Seattle-WA-98199
59,4.1,6.0,False,28900000,4380.0,49009891,3037-34th-Ave-W-Seattle-WA-98199
60,1.0,3.0,False,650000,1300.0,2102421280,3900-W-Briarcliff-Ln-Seattle-WA-98199
61,4.0,4.0,False,11000000,2550.0,49014386,3108-W-Jameson-St-Seattle-WA-98199
62,4.0,0.0,False,639000,1452.0,49014432,2863-W-Government-Way-Seattle-WA-98199
63,2.5,4.0,False,640000,2010.0,48731143,3039-31st-Ave-W-Seattle-WA-98199
64,4.5,5.0,False,15000000,4390.0,48824938,2840-22nd-Ave-W-Seattle-WA-98199
65,1.0,2.0,False,397000,760.0,48942946,3611-43rd-Ave-W-Seattle-WA-98199
66,2.0,5.0,False,900000,3120.0,96660547,2116-W-Ruffner-St-Seattle-WA-98199
67,2.5,3.0,False,480000,1140.0,48727148,2844-43rd-Ave-W-Seattle-WA-98199
68,2.75,5.0,False,16500000,3620.0,49013136,4012-30th-Ave-W-Seattle-WA-98199
69,2.0,3.0,False,775000,2040.0,48942772,3615-W-Fulton-St-Seattle-WA-98199
70,2.0,3.0,False,895000,2240.0,48726264,2333-Perkins-Ln-W-Seattle-WA-98199
71,3.5,4.0,False,25000000,4900.0,48702935,2608-39th-Ave-W-Seattle-WA-98199
72,1.5,2.0,False,721000,1120.0,48943274,3007-38th-Ave-W-Seattle-WA-98199
76,1.0,2.0,False,590000,1080.0,2110264795,2825-Perkins-Ln-W-Seattle-WA-98199
77,,0.0,True,12000000,,49034868,3430-W-Viewmont-Way-W-Seattle-WA-98199
78,1.75,3.0,False,950000,2720.0,49029217,5634-39th-Ave-W-Seattle-WA-98199
79,5.0,4.0,False,18000000,4237.0,48726265,2323-Perkins-Ln-W-APT-A-Seattle-WA-98199
80,3.0,4.0,False,19500000,2600.0,48943387,2625-28th-Ave-W-Seattle-WA-98199
