,bath,bed,isVavcantLand,price,sqft,zpid,address
0,3.0,3.0,False,800000.0,2940.0,2106295817,2940-76th-Ave-SE-Mercer-Island-WA-98040
1,2.0,3.0,False,360000.0,1434.0,48885041,8750-Island-Heights-Ln-Mercer-Island-WA-98040
2,2.5,4.0,False,11000000.0,3970.0,48854128,6240-E-Mercer-Way-Mercer-Island-WA-98040
3,3.0,2.0,False,995000.0,2490.0,48966076,8112-SE-44th-St-Mercer-Island-WA-98040
4,3.25,6.0,False,17900000.0,4100.0,48941984,3610-88th-Ave-SE-Mercer-Island-WA-98040
5,3.0,4.0,False,898000.0,1870.0,48691475,9950-SE-35th-Pl-Mercer-Island-WA-98040
6,4.0,4.0,False,63000000.0,5000.0,48810926,9611-SE-72nd-St-Mercer-Island-WA-98040
7,4.0,4.0,False,25000000.0,3440.0,96708634,7820-W-Mercer-Way-Mercer-Island-WA-98040
8,,,True,150000.0,,48918825,5047-84th-Ave-SE-Mercer-Island-WA-98040
9,3.5,3.0,False,16000000.0,2810.0,48782752,3010-61st-Ave-SE-Mercer-Island-WA-98040
10,5.0,5.0,False,31900000.0,5800.0,48963083,8602-N-Mercer-Way-Mercer-Island-WA-98040
11,3.0,5.0,False,20000000.0,3540.0,48767892,6226-E-Mercer-Way-Mercer-Island-WA-98040
12,3.0,3.0,False,24000000.0,2400.0,48830353,8041-SE-71st-St-Mercer-Island-WA-98040
13,3.0,5.0,False,11500000.0,3044.0,49129251,8383-SE-50th-Pl-Mercer-Island-WA-98040
14,3.5,5.0,False,19900000.0,4740.0,48927307,7930-SE-34th-St-APT-401-Mercer-Island-WA-98040
15,4.0,2.0,False,500000.0,1797.0,49052978,4546-Forest-Ave-SE-Mercer-Island-WA-98040
16,1.75,3.0,False,14800000.0,1950.0,48955987,7228-SE-24th-St-Mercer-Island-WA-98040
17,5.0,5.0,False,27000000.0,5820.0,48783680,4345-Fernbrook-Dr-Mercer-Island-WA-98040
18,2.5,3.0,False,11500000.0,2580.0,2101320961,4703-88th-Ave-SE-Mercer-Island-WA-98040
19,,,True,600000.0,,48944990,2521-68th-Ave-SE-Mercer-Island-WA-98040
20,2.75,3.0,False,12000000.0,2400.0,48677129,6860-W-Mercer-Way-Mercer-Island-WA-98040
21,4.0,4.0,False,17500000.0,4360.0,48885155,3649-W-Mercer-Way-Mercer-Island-WA-98040
22,2.0,3.0,False,31900000.0,2140.0,49139382,3236-80th-Ave-SE-APT-3-Mercer-Island-WA-98040
23,2.0,3.0,False,450000.0,1375.0,48782356,4807-E-Mercer-Way-Mercer-Island-WA-98040
24,,,True,599000.0,,49095545,5330-Butterworth-Rd-Mercer-Island-WA-98040
25,9.0,5.0,False,26800000.0,14940.0,48994241,8231-SE-33rd-Pl-Mercer-Island-WA-98040
26,3.0,4.0,False,12700000.0,2874.0,2101427541,0-SE-64th-St-Mercer-Island-WA-98040
27,,,True,575000.0,,2101427540,0-E-Mercer-Way-Mercer-Island-WA-98040
30,,,True,848000.0,,48766902,9407-SE-52nd-St-Mercer-Island-WA-98040
31,4.5,4.0,False,19500000.0,5000.0,2101459260,3055-80th-Ave-Se-Ave-SE-301-Mercer-Island-WA-98040
32,1.0,2.0,False,324000.0,,48783030,3021-70th-Ave-SE-Mercer-Island-WA-98040
33,3.0,4.0,False,14800000.0,2700.0,48886122,3055-80th-Ave-SE-APT-301-Mercer-Island-WA-98040
34,1.0,2.0,False,324000.0,850.0,48782817,2931-71st-Ave-SE-Mercer-Island-WA-98040
35,5.0,4.0,False,25000000.0,5245.0,68476224,2760-76th-Ave-SE-APT-502-Mercer-Island-WA-98040
36,1.0,1.0,False,500000.0,690.0,48767411,9252-SE-46th-St-Mercer-Island-WA-98040
37,4.25,5.0,False,18000000.0,5126.0,48782371,5009-E-Mercer-Way-Mercer-Island-WA-98040
38,2.5,3.0,False,100000.0,2120.0,48963189,6720-80th-Ave-SE-Mercer-Island-WA-98040
39,3.0,5.0,False,989000.0,2810.0,48860687,2272-71st-Ave-SE-Mercer-Island-WA-98040
40,2.75,4.0,False,15000000.0,2633.0,48743285,4441-E-Mercer-Way-Mercer-Island-WA-98040
41,2.0,3.0,False,975000.0,1480.0,48810981,6824-96th-Ave-SE-Mercer-Island-WA-98040
42,5.0,6.0,False,49900000.0,4750.0,48927306,7930-SE-34th-St-APT-313-Mercer-Island-WA-98040
43,1.75,2.0,False,396000.0,991.0,2128197504,7916-E-Mercer-Way-Mercer-Island-WA-98040
44,,1.0,True,22300000.0,1240.0,48942038,8437-SE-37th-St-Mercer-Island-WA-98040
45,2.0,3.0,False,15000000.0,1380.0,48860677,2222-70th-Ave-SE-Mercer-Island-WA-98040
46,3.0,4.0,False,15000000.0,2764.0,48920727,6031-77th-Ave-SE-Mercer-Island-WA-98040
47,3.0,3.0,False,44000000.0,3160.0,48868102,8043-W-Mercer-Way-Mercer-Island-WA-98040
48,4.0,5.0,False,15500000.0,4000.0,48842209,7927-E-Mercer-Way-Mercer-Island-WA-98040
49,3.75,4.0,False,16000000.0,4000.0,48922447,4022-E-Mercer-Way-Mercer-Island-WA-98040
51,3.25,4.0,False,11200000.0,3030.0,2102055622,47-E-Mercer-Way-Mercer-Island-WA-98040
52,,,False,428000.0,,49115831,7130-78th-Ave-SE-Mercer-Island-WA-98040
53,2.5,4.0,False,15000000.0,3340.0,48846868,8252-Avalon-Dr-Mercer-Island-WA-98040
54,5.0,5.0,False,45900000.0,4887.0,49082478,8798-N-Mercer-Way-Mercer-Island-WA-98040
55,8.0,7.0,False,11000000.0,10700.0,48666086,8405-E-Mercer-Way-Mercer-Island-WA-98040
56,2.5,3.0,False,10500000.0,2390.0,48842144,7908-E-Mercer-Way-Mercer-Island-WA-98040
57,6.0,6.0,False,49900000.0,6831.0,48767878,5217-88th-Ave-SE-Mercer-Island-WA-98040
58,3.0,5.0,False,12300000.0,3740.0,48830371,3648-73rd-Ave-SE-Mercer-Island-WA-98040
59,3.0,4.0,False,900000.0,3020.0,48915179,4645-Forest-Ave-SE-Mercer-Island-WA-98040
60,3.0,5.0,False,29800000.0,4150.0,48781985,6220-E-Mercer-Way-Mercer-Island-WA-98040
61,11.0,5.0,False,56000000.0,5370.0,70584641,7406-78th-Ave-SE-Mercer-Island-WA-98040
62,4.0,4.0,False,25000000.0,5490.0,48962584,7161-86th-Ave-SE-Mercer-Island-WA-98040
63,2.5,4.0,False,13000000.0,2390.0,48966052,4425-Forest-Ave-SE-Mercer-Island-WA-98040
64,7.0,5.0,False,10900000.0,9790.0,2122807609,3212-80th-Ave-SE-APT-3-Mercer-Island-WA-98040
65,1.75,2.0,False,440000.0,1145.0,48799429,1900-Faben-Dr-Mercer-Island-WA-98040
66,3.0,4.0,False,61700000.0,6893.0,48783018,3061-69th-Ave-SE-Mercer-Island-WA-98040
67,4.25,5.0,False,46900000.0,5563.0,48782772,3037-67th-Ave-SE-Mercer-Island-WA-98040
68,5.5,6.0,False,32500000.0,7930.0,48815272,3535-W-Mercer-Way-Mercer-Island-WA-98040
69,5.0,5.0,False,81900000.0,6350.0,70396109,5045-88th-Ave-SE-Mercer-Island-WA-98040
70,3.5,4.0,False,21400000.0,6590.0,48782863,2748-70th-Ave-SE-Mercer-Island-WA-98040
71,2.25,3.0,False,12000000.0,2100.0,48806796,16-Meadow-Ln-Mercer-Island-WA-98040
73,2.5,3.0,False,11100000.0,2690.0,48650954,4340-92nd-Ave-SE-Mercer-Island-WA-98040
74,4.25,4.0,False,14000000.0,3570.0,96663481,8159-W-Mercer-Way-Mercer-Island-WA-98040
75,,0.0,True,12500000.0,,97781513,7800-SE-27th-St-UNIT-401-Mercer-Island-WA-98040
76,2.0,2.0,False,675000.0,1475.0,48962872,2500-81st-Ave-SE-APT-346-Mercer-Island-WA-98040
78,3.0,3.0,False,39500000.0,3850.0,48810932,7250-E-Mercer-Way-Mercer-Island-WA-98040
80,1.75,3.0,False,17200000.0,2611.0,48868129,8279-W-Mercer-Way-Mercer-Island-WA-98040
81,5.5,6.0,False,36500000.0,6670.0,96708760,4041-W-Mercer-Way-Mercer-Island-WA-98040
82,,0.0,True,29900000.0,,48846860,8038-Avalon-Pl-Mercer-Island-WA-98040
83,5.5,5.0,False,35500000.0,5200.0,48782358,4817-E-Mercer-Way-Mercer-Island-WA-98040
84,3.0,4.0,False,12500000.0,2640.0,48962583,7151-86th-Ave-SE-Mercer-Island-WA-98040
85,3.0,4.0,False,12500000.0,2400.0,48920794,2436-62nd-Ave-SE-Mercer-Island-WA-98040
86,3.5,4.0,False,19000000.0,3200.0,49003230,8945-SE-56th-St-Mercer-Island-WA-98040
88,2.5,4.0,False,10200000.0,2020.0,48657191,4632-86th-Ave-SE-Mercer-Island-WA-98040
89,4.0,5.0,False,20000000.0,4500.0,48767927,6238-E-Mercer-Way-Mercer-Island-WA-98040
90,4.0,4.0,False,39900000.0,4240.0,48687560,8431-85th-Ave-SE-Mercer-Island-WA-98040
91,1.0,2.0,False,20000000.0,1260.0,48962871,2500-81st-Ave-SE-APT-345-Mercer-Island-WA-98040
93,1.75,3.0,False,707000.0,1370.0,48799431,6024-SE-22nd-St-Mercer-Island-WA-98040
94,4.0,4.0,False,12000000.0,5230.0,48922369,9411-SE-33rd-St-Mercer-Island-WA-98040
95,3.0,5.0,False,16500000.0,3270.0,49069319,4056-89th-Ave-SE-Mercer-Island-WA-98040
